method,dataset,scene,traj,variant,n_frames,eff_fps,latency_end_to_end_s,latency_source,per_window_latency_med_s,per_window_source,vram_avg_gb,vram_peak_gb,gpu_util_avg_pct,gpu_power_avg_w,cpu_ram_peak_gb,ckpt_size_mb,gpu_name,hw_id,ate_rmse_m,rpe_per_m,metric_capable,scale_estimate,metric_scale_error_pct,extent_error_pct,masked_accuracy_m,masked_completeness_m,masked_chamfer_m,masked_fscore,full360_accuracy_m,full360_completeness_m,full360_chamfer_m,full360_fscore,point_count,map_size_mb,sor_outlier_pct,acc_p95_m,noise_frac,precision_tight,source
laser,replica,office_4,synthetic_2.0hz,synthetic_fov,50.0,3.963,3.884,archive_unspecified,,unavailable,65.299,70.291,6.7,120.2,0.0,0.0,NVIDIA RTX PRO 6000 Blackwell Workstation Edition,RTX PRO 6000,0.042,0.09699999999999999,False,,,,0.04,0.027999999999999997,0.068,0.87,0.044000000000000004,0.078,0.122,0.728,122538.0,1.8,0.027000000000000003,0.11900000000000001,0.061,0.39899999999999997,archive:bigrun_2026-07
laser,replica,office_4,synthetic_0.5hz,synthetic_fov,13.0,1.495,1.514,archive_unspecified,,unavailable,64.184,69.983,6.5,88.8,0.0,0.0,NVIDIA RTX PRO 6000 Blackwell Workstation Edition,RTX PRO 6000,0.04,0.043,False,,,,0.026000000000000002,0.025,0.05,0.956,0.027000000000000003,0.21600000000000003,0.242,0.748,66040.0,1.0,0.024,0.065,0.033,0.638,archive:bigrun_2026-07
laser,replica,office_4,synthetic_5.0hz,synthetic_fov,125.0,6.532,8.353,archive_unspecified,,unavailable,66.468,70.384,20.3,161.3,0.0,0.0,NVIDIA RTX PRO 6000 Blackwell Workstation Edition,RTX PRO 6000,0.06,0.139,False,,,,0.055999999999999994,0.03,0.086,0.792,0.078,0.077,0.154,0.692,148265.0,2.2,0.033,0.156,0.10400000000000001,0.233,archive:bigrun_2026-07
laser,replica,frl_apartment_0,loop_2.0hz_s0,synthetic_fov,106.0,6.292,6.937,archive_unspecified,,unavailable,4.395,8.485,11.3,152.8,0.0,0.0,NVIDIA RTX PRO 6000 Blackwell Workstation Edition,RTX PRO 6000,1.1909999999999998,0.515,False,,,,0.46299999999999997,0.515,0.978,0.086,0.8809999999999999,0.488,1.369,0.076,591539.0,8.9,0.038,1.1640000000000001,0.872,0.019,archive:bigrun_2026-07
laser,replica,frl_apartment_0,stopgo_2.0hz_s1,synthetic_fov,77.0,5.214,5.709,archive_unspecified,,unavailable,4.091,8.416,8.2,139.0,0.0,0.0,NVIDIA RTX PRO 6000 Blackwell Workstation Edition,RTX PRO 6000,0.065,0.09,False,,,,0.095,0.038,0.133,0.615,0.33799999999999997,0.09,0.428,0.418,522728.0,7.8,0.034,0.315,0.292,0.157,archive:bigrun_2026-07
laser,replica,frl_apartment_0,synthetic_2.0hz_s1,synthetic_fov,57.0,4.471,4.377,archive_unspecified,,unavailable,3.717,8.397,9.5,130.7,0.0,0.0,NVIDIA RTX PRO 6000 Blackwell Workstation Edition,RTX PRO 6000,0.046,0.066,False,,,,0.085,0.042,0.127,0.629,0.32299999999999995,0.086,0.409,0.436,486520.0,7.3,0.032,0.27,0.271,0.163,archive:bigrun_2026-07
laser,replica,frl_apartment_0,stopgo_2.0hz_s0,synthetic_fov,100.0,6.094,6.664,archive_unspecified,,unavailable,4.309,8.525,7.4,150.6,0.0,0.0,NVIDIA RTX PRO 6000 Blackwell Workstation Edition,RTX PRO 6000,0.23199999999999998,0.272,False,,,,0.131,0.099,0.22899999999999998,0.495,0.36200000000000004,0.10800000000000001,0.47100000000000003,0.313,473668.0,7.1,0.040999999999999995,0.426,0.415,0.11599999999999999,archive:bigrun_2026-07
laser,replica,frl_apartment_0,synthetic_0.5hz_s0,synthetic_fov,20.0,2.255,2.156,archive_unspecified,,unavailable,2.765,8.363,9.4,101.1,0.0,0.0,NVIDIA RTX PRO 6000 Blackwell Workstation Edition,RTX PRO 6000,0.825,0.456,False,,,,0.133,0.106,0.239,0.401,0.325,0.133,0.457,0.332,177192.0,2.7,0.04,0.35100000000000003,0.436,0.11800000000000001,archive:bigrun_2026-07
laser,replica,frl_apartment_0,synthetic_0.5hz_s1,synthetic_fov,15.0,1.74,1.574,archive_unspecified,,unavailable,2.367,8.189,5.6,87.3,0.0,0.0,NVIDIA RTX PRO 6000 Blackwell Workstation Edition,RTX PRO 6000,0.03,0.032,False,,,,0.057999999999999996,0.045,0.10300000000000001,0.771,0.275,0.095,0.37,0.573,146673.0,2.2,0.031,0.213,0.121,0.258,archive:bigrun_2026-07
laser,replica,frl_apartment_0,synthetic_5.0hz_s1,synthetic_fov,141.0,6.922,9.313,archive_unspecified,,unavailable,4.763,8.623,16.8,167.7,0.0,0.0,NVIDIA RTX PRO 6000 Blackwell Workstation Edition,RTX PRO 6000,0.11199999999999999,0.17,False,,,,0.14,0.086,0.226,0.449,0.461,0.095,0.556,0.217,752813.0,11.3,0.038,0.47700000000000004,0.451,0.099,archive:bigrun_2026-07
laser,replica,frl_apartment_0,synthetic_2.0hz_s0,synthetic_fov,80.0,5.471,5.769,archive_unspecified,,unavailable,4.218,8.489,9.1,143.8,0.0,0.0,NVIDIA RTX PRO 6000 Blackwell Workstation Edition,RTX PRO 6000,0.182,0.205,False,,,,0.126,0.107,0.233,0.46,0.35,0.102,0.45299999999999996,0.299,414160.0,6.2,0.04,0.462,0.365,0.111,archive:bigrun_2026-07
laser,replica,frl_apartment_0,synthetic_5.0hz_s0,synthetic_fov,198.0,7.852,12.64,archive_unspecified,,unavailable,5.136,8.623,19.9,178.9,0.0,0.0,NVIDIA RTX PRO 6000 Blackwell Workstation Edition,RTX PRO 6000,0.49700000000000005,0.233,False,,,,0.214,0.174,0.389,0.314,0.523,0.157,0.68,0.17,616196.0,9.2,0.04,0.611,0.624,0.07,archive:bigrun_2026-07
laser,replica,frl_apartment_0,loop_2.0hz_s1,synthetic_fov,74.0,5.333,5.168,archive_unspecified,,unavailable,4.022,8.455,15.4,143.4,0.0,0.0,NVIDIA RTX PRO 6000 Blackwell Workstation Edition,RTX PRO 6000,0.07200000000000001,0.065,False,,,,0.11,0.042,0.152,0.542,0.321,0.075,0.395,0.407,565478.0,8.5,0.031,0.331,0.382,0.12,archive:bigrun_2026-07
laser,replica,apartment_1,loop_2.0hz_s0,synthetic_fov,84.0,5.799,5.471,archive_unspecified,,unavailable,4.115,8.489,14.3,146.1,0.0,0.0,NVIDIA RTX PRO 6000 Blackwell Workstation Edition,RTX PRO 6000,2.245,1.2109999999999999,False,,,,0.36,1.39,1.75,0.109,0.335,2.37,2.705,0.076,382857.0,5.7,0.037000000000000005,0.8,0.802,0.035,archive:bigrun_2026-07
laser,replica,apartment_1,stopgo_2.0hz_s1,synthetic_fov,90.0,5.704,6.172,archive_unspecified,,unavailable,4.185,8.485,10.1,145.7,0.0,0.0,NVIDIA RTX PRO 6000 Blackwell Workstation Edition,RTX PRO 6000,2.379,1.0190000000000001,False,,,,0.40399999999999997,1.867,2.271,0.049,0.401,2.365,2.765,0.027,480298.0,7.2,0.032,0.857,0.846,0.027999999999999997,archive:bigrun_2026-07
laser,replica,apartment_1,synthetic_2.0hz_s1,synthetic_fov,70.0,5.137,4.84,archive_unspecified,,unavailable,3.9,8.485,12.6,138.4,0.0,0.0,NVIDIA RTX PRO 6000 Blackwell Workstation Edition,RTX PRO 6000,2.166,0.973,False,,,,0.331,0.7290000000000001,1.061,0.199,0.358,0.8640000000000001,1.222,0.146,554361.0,8.3,0.033,0.795,0.7240000000000001,0.055,archive:bigrun_2026-07
laser,replica,apartment_1,stopgo_2.0hz_s0,synthetic_fov,67.0,4.915,4.803,archive_unspecified,,unavailable,3.834,8.422,12.2,134.1,0.0,0.0,NVIDIA RTX PRO 6000 Blackwell Workstation Edition,RTX PRO 6000,2.1319999999999997,0.987,False,,,,0.413,1.921,2.335,0.027,0.363,2.622,2.984,0.031,185163.0,2.8,0.034,0.8290000000000001,0.871,0.019,archive:bigrun_2026-07
laser,replica,apartment_1,synthetic_0.5hz_s0,synthetic_fov,12.0,1.474,1.35,archive_unspecified,,unavailable,2.195,8.122,5.9,85.1,0.0,0.0,NVIDIA RTX PRO 6000 Blackwell Workstation Edition,RTX PRO 6000,1.615,1.203,False,,,,0.325,1.025,1.349,0.151,0.385,1.48,1.865,0.11,79113.0,1.2,0.035,0.888,0.703,0.067,archive:bigrun_2026-07
laser,replica,apartment_1,synthetic_0.5hz_s1,synthetic_fov,18.0,1.96,2.073,archive_unspecified,,unavailable,2.647,8.363,6.2,92.5,0.0,0.0,NVIDIA RTX PRO 6000 Blackwell Workstation Edition,RTX PRO 6000,2.427,0.955,False,,,,0.311,1.2109999999999999,1.5219999999999998,0.173,0.27399999999999997,1.6019999999999999,1.875,0.13,121682.0,1.8,0.027999999999999997,0.8029999999999999,0.682,0.08,archive:bigrun_2026-07
laser,replica,apartment_1,synthetic_5.0hz_s1,synthetic_fov,175.0,7.695,10.781,archive_unspecified,,unavailable,4.983,8.692,15.8,175.2,0.0,0.0,NVIDIA RTX PRO 6000 Blackwell Workstation Edition,RTX PRO 6000,1.6059999999999999,1.207,False,,,,0.307,0.517,0.8240000000000001,0.212,0.53,0.563,1.093,0.116,660616.0,9.9,0.03,0.777,0.688,0.055,archive:bigrun_2026-07
laser,replica,apartment_1,synthetic_2.0hz_s0,synthetic_fov,47.0,4.051,3.586,archive_unspecified,,unavailable,3.475,8.418,14.3,120.7,0.0,0.0,NVIDIA RTX PRO 6000 Blackwell Workstation Edition,RTX PRO 6000,2.19,1.555,False,,,,0.396,1.5630000000000002,1.96,0.056,0.364,2.184,2.5469999999999997,0.037,182768.0,2.7,0.035,0.772,0.883,0.027000000000000003,archive:bigrun_2026-07
laser,replica,apartment_1,synthetic_5.0hz_s0,synthetic_fov,116.0,6.486,7.663,archive_unspecified,,unavailable,4.574,8.485,15.7,157.1,0.0,0.0,NVIDIA RTX PRO 6000 Blackwell Workstation Edition,RTX PRO 6000,0.946,1.167,False,,,,0.267,0.247,0.514,0.278,0.36,0.621,0.981,0.181,441437.0,6.6,0.038,0.7,0.6459999999999999,0.087,archive:bigrun_2026-07
laser,replica,apartment_1,loop_2.0hz_s1,synthetic_fov,96.0,6.07,6.296,archive_unspecified,,unavailable,4.322,8.449,10.7,148.1,0.0,0.0,NVIDIA RTX PRO 6000 Blackwell Workstation Edition,RTX PRO 6000,2.267,0.927,False,,,,0.312,0.591,0.903,0.215,0.32,0.985,1.305,0.185,812425.0,12.2,0.035,0.799,0.716,0.055,archive:bigrun_2026-07
laser,replica,hotel_0,loop_2.0hz_s0,synthetic_fov,44.0,3.85,3.522,archive_unspecified,,unavailable,3.447,8.397,10.9,121.4,0.0,0.0,NVIDIA RTX PRO 6000 Blackwell Workstation Edition,RTX PRO 6000,0.34,0.345,False,,,,0.23199999999999998,0.419,0.65,0.169,0.198,0.598,0.7959999999999999,0.149,242056.0,3.6,0.025,0.534,0.713,0.073,archive:bigrun_2026-07
laser,replica,hotel_0,stopgo_2.0hz_s1,synthetic_fov,59.0,4.807,4.026,archive_unspecified,,unavailable,3.597,8.363,13.2,138.1,0.0,0.0,NVIDIA RTX PRO 6000 Blackwell Workstation Edition,RTX PRO 6000,1.189,1.4480000000000002,False,,,,0.261,1.7469999999999999,2.0069999999999997,0.07,4.878,1.661,6.54,0.039,154408.0,2.3,0.028999999999999998,0.626,0.6970000000000001,0.064,archive:bigrun_2026-07
laser,replica,hotel_0,synthetic_2.0hz_s1,synthetic_fov,39.0,3.671,2.991,archive_unspecified,,unavailable,3.287,8.397,3.4,116.8,0.0,0.0,NVIDIA RTX PRO 6000 Blackwell Workstation Edition,RTX PRO 6000,1.57,0.9440000000000001,False,,,,0.276,1.7990000000000002,2.075,0.07,0.426,1.608,2.035,0.058,281603.0,4.2,0.03,0.595,0.767,0.046,archive:bigrun_2026-07
laser,replica,hotel_0,stopgo_2.0hz_s0,synthetic_fov,57.0,4.626,4.124,archive_unspecified,,unavailable,3.69,8.397,13.8,130.6,0.0,0.0,NVIDIA RTX PRO 6000 Blackwell Workstation Edition,RTX PRO 6000,0.35600000000000004,0.349,False,,,,0.23,0.574,0.804,0.214,0.243,0.721,0.9640000000000001,0.148,213881.0,3.2,0.024,0.818,0.616,0.095,archive:bigrun_2026-07
laser,replica,hotel_0,synthetic_0.5hz_s0,synthetic_fov,10.0,1.32,1.163,archive_unspecified,,unavailable,2.193,8.042,4.0,79.3,0.0,0.0,NVIDIA RTX PRO 6000 Blackwell Workstation Edition,RTX PRO 6000,0.27899999999999997,0.349,False,,,,0.055999999999999994,0.079,0.135,0.619,0.10099999999999999,0.645,0.745,0.338,70989.0,1.1,0.025,0.174,0.132,0.293,archive:bigrun_2026-07
laser,replica,hotel_0,synthetic_0.5hz_s1,synthetic_fov,10.0,1.295,1.234,archive_unspecified,,unavailable,2.203,8.042,1.8,80.8,0.0,0.0,NVIDIA RTX PRO 6000 Blackwell Workstation Edition,RTX PRO 6000,0.6409999999999999,0.8190000000000001,False,,,,0.109,0.166,0.275,0.353,0.14,0.203,0.34299999999999997,0.277,120563.0,1.8,0.028999999999999998,0.359,0.377,0.151,archive:bigrun_2026-07
laser,replica,hotel_0,synthetic_5.0hz_s1,synthetic_fov,97.0,6.184,6.315,archive_unspecified,,unavailable,4.254,8.558,10.1,151.0,0.0,0.0,NVIDIA RTX PRO 6000 Blackwell Workstation Edition,RTX PRO 6000,0.6890000000000001,0.733,False,,,,0.2,0.35100000000000003,0.55,0.19,0.7879999999999999,0.345,1.1320000000000001,0.111,250330.0,3.8,0.025,0.528,0.62,0.114,archive:bigrun_2026-07
laser,replica,hotel_0,synthetic_2.0hz_s0,synthetic_fov,37.0,3.548,2.905,archive_unspecified,,unavailable,3.199,8.397,11.4,110.0,0.0,0.0,NVIDIA RTX PRO 6000 Blackwell Workstation Edition,RTX PRO 6000,0.342,0.331,False,,,,0.228,0.648,0.877,0.226,0.223,0.737,0.96,0.158,197652.0,3.0,0.023,0.7559999999999999,0.5920000000000001,0.113,archive:bigrun_2026-07
laser,replica,hotel_0,synthetic_5.0hz_s0,synthetic_fov,93.0,5.767,6.275,archive_unspecified,,unavailable,4.176,8.416,13.5,148.6,0.0,0.0,NVIDIA RTX PRO 6000 Blackwell Workstation Edition,RTX PRO 6000,0.23600000000000002,0.284,False,,,,0.16899999999999998,0.336,0.506,0.374,0.153,0.408,0.561,0.279,336764.0,5.0,0.028999999999999998,0.687,0.40399999999999997,0.174,archive:bigrun_2026-07
laser,replica,hotel_0,loop_2.0hz_s1,synthetic_fov,60.0,4.818,4.219,archive_unspecified,,unavailable,3.739,8.39,14.4,135.8,0.0,0.0,NVIDIA RTX PRO 6000 Blackwell Workstation Edition,RTX PRO 6000,1.3559999999999999,0.831,False,,,,0.26,0.5379999999999999,0.797,0.197,0.5429999999999999,0.504,1.047,0.168,432089.0,6.5,0.032,0.731,0.6709999999999999,0.08199999999999999,archive:bigrun_2026-07
laser,replica,apartment_0,loop_2.0hz_s0,synthetic_fov,89.0,5.792,6.175,archive_unspecified,,unavailable,4.224,8.455,12.8,140.9,0.0,0.0,NVIDIA RTX PRO 6000 Blackwell Workstation Edition,RTX PRO 6000,1.64,0.643,False,,,,0.322,0.48100000000000004,0.8029999999999999,0.187,0.508,0.925,1.433,0.122,379968.0,5.7,0.036000000000000004,0.812,0.727,0.035,archive:bigrun_2026-07
laser,replica,apartment_0,stopgo_2.0hz_s1,synthetic_fov,99.0,6.038,6.843,archive_unspecified,,unavailable,4.386,8.518,10.8,145.9,0.0,0.0,NVIDIA RTX PRO 6000 Blackwell Workstation Edition,RTX PRO 6000,0.325,0.46399999999999997,False,,,,0.094,0.057999999999999996,0.151,0.626,0.14800000000000002,0.764,0.912,0.328,683836.0,10.3,0.037000000000000005,0.377,0.231,0.113,archive:bigrun_2026-07
laser,replica,apartment_0,synthetic_2.0hz_s1,synthetic_fov,79.0,5.31,5.757,archive_unspecified,,unavailable,4.106,8.485,11.9,131.5,0.0,0.0,NVIDIA RTX PRO 6000 Blackwell Workstation Edition,RTX PRO 6000,0.384,0.379,False,,,,0.115,0.083,0.198,0.489,0.16,0.767,0.927,0.284,696143.0,10.4,0.038,0.364,0.358,0.083,archive:bigrun_2026-07
laser,replica,apartment_0,stopgo_2.0hz_s0,synthetic_fov,90.0,5.827,6.375,archive_unspecified,,unavailable,4.319,8.485,12.0,143.0,0.0,0.0,NVIDIA RTX PRO 6000 Blackwell Workstation Edition,RTX PRO 6000,0.321,0.187,False,,,,0.105,0.073,0.17800000000000002,0.59,0.122,0.6990000000000001,0.821,0.328,346365.0,5.2,0.036000000000000004,0.42100000000000004,0.287,0.11699999999999999,archive:bigrun_2026-07
laser,replica,apartment_0,synthetic_0.5hz_s0,synthetic_fov,18.0,1.866,2.138,archive_unspecified,,unavailable,2.557,8.363,6.1,80.1,0.0,0.0,NVIDIA RTX PRO 6000 Blackwell Workstation Edition,RTX PRO 6000,0.473,0.294,False,,,,0.07400000000000001,0.04,0.114,0.691,0.077,0.752,0.8290000000000001,0.35,124669.0,1.9,0.039,0.26,0.179,0.128,archive:bigrun_2026-07
laser,replica,apartment_0,synthetic_0.5hz_s1,synthetic_fov,20.0,2.181,2.249,archive_unspecified,,unavailable,2.762,8.328,7.6,90.2,0.0,0.0,NVIDIA RTX PRO 6000 Blackwell Workstation Edition,RTX PRO 6000,0.053,0.043,False,,,,0.064,0.061,0.125,0.688,0.094,0.7929999999999999,0.888,0.322,175767.0,2.6,0.04,0.22399999999999998,0.133,0.165,archive:bigrun_2026-07
laser,replica,apartment_0,synthetic_2.0hz,synthetic_fov,70.0,5.091,5.176,archive_unspecified,,unavailable,65.885,70.356,12.4,150.7,0.0,0.0,NVIDIA RTX PRO 6000 Blackwell Workstation Edition,RTX PRO 6000,0.226,0.09300000000000001,False,,,,0.096,0.062,0.158,0.641,0.11,0.7090000000000001,0.8190000000000001,0.357,319033.0,4.8,0.035,0.39899999999999997,0.243,0.125,archive:bigrun_2026-07
laser,replica,apartment_0,synthetic_0.5hz,synthetic_fov,18.0,1.923,2.17,archive_unspecified,,unavailable,64.498,70.231,7.7,116.1,0.0,0.0,NVIDIA RTX PRO 6000 Blackwell Workstation Edition,RTX PRO 6000,0.473,0.294,False,,,,0.07400000000000001,0.04,0.114,0.694,0.077,0.752,0.828,0.351,124669.0,1.9,0.039,0.261,0.179,0.129,archive:bigrun_2026-07
laser,replica,apartment_0,synthetic_5.0hz,synthetic_fov,173.0,7.106,11.83,archive_unspecified,,unavailable,66.882,70.491,18.3,168.1,0.0,0.0,NVIDIA RTX PRO 6000 Blackwell Workstation Edition,RTX PRO 6000,0.213,0.107,False,,,,0.11900000000000001,0.064,0.183,0.483,0.122,0.715,0.8370000000000001,0.297,642544.0,9.6,0.035,0.40299999999999997,0.361,0.061,archive:bigrun_2026-07
laser,replica,apartment_0,synthetic_5.0hz_s1,synthetic_fov,196.0,7.83,12.366,archive_unspecified,,unavailable,5.126,8.623,19.1,172.0,0.0,0.0,NVIDIA RTX PRO 6000 Blackwell Workstation Edition,RTX PRO 6000,0.473,0.38,False,,,,0.205,0.138,0.34299999999999997,0.313,0.436,0.6559999999999999,1.091,0.183,1241884.0,18.6,0.035,0.639,0.5720000000000001,0.046,archive:bigrun_2026-07
laser,replica,apartment_0,synthetic_2.0hz_s0,synthetic_fov,70.0,4.4,5.092,archive_unspecified,,unavailable,3.522,8.416,13.0,117.8,0.0,0.0,NVIDIA RTX PRO 6000 Blackwell Workstation Edition,RTX PRO 6000,0.226,0.09300000000000001,False,,,,0.096,0.063,0.158,0.642,0.11,0.705,0.815,0.357,319033.0,4.8,0.035,0.39899999999999997,0.242,0.124,archive:bigrun_2026-07
laser,replica,apartment_0,synthetic_5.0hz_s0,synthetic_fov,173.0,7.37,11.552,archive_unspecified,,unavailable,5.093,8.588,10.1,167.7,0.0,0.0,NVIDIA RTX PRO 6000 Blackwell Workstation Edition,RTX PRO 6000,0.213,0.107,False,,,,0.11900000000000001,0.065,0.183,0.483,0.122,0.716,0.838,0.296,642544.0,9.6,0.035,0.40299999999999997,0.361,0.061,archive:bigrun_2026-07
laser,replica,apartment_0,loop_2.0hz_s1,synthetic_fov,90.0,5.826,6.329,archive_unspecified,,unavailable,4.321,8.518,10.8,140.7,0.0,0.0,NVIDIA RTX PRO 6000 Blackwell Workstation Edition,RTX PRO 6000,0.381,0.359,False,,,,0.12,0.07400000000000001,0.19399999999999998,0.483,0.177,0.75,0.927,0.284,808130.0,12.1,0.037000000000000005,0.391,0.37,0.071,archive:bigrun_2026-07
panovggt,replica,office_4,synthetic_2.0hz,pano,50.0,2.661,6.435,archive_unspecified,6.4349,archive_unspecified,72.251,82.388,33.9,256.8,0.0,0.0,NVIDIA RTX PRO 6000 Blackwell Workstation Edition,RTX PRO 6000,0.009000000000000001,0.025,False,,,,0.025,0.009000000000000001,0.034,0.966,0.027000000000000003,0.017,0.044000000000000004,0.922,4664513.0,70.0,0.024,0.052000000000000005,0.013999999999999999,0.527,archive:bigrun_2026-07
panovggt,replica,office_4,synthetic_0.5hz,pano,13.0,1.17,1.056,archive_unspecified,1.0558,archive_unspecified,65.418,74.284,9.8,100.3,0.0,0.0,NVIDIA RTX PRO 6000 Blackwell Workstation Edition,RTX PRO 6000,0.006999999999999999,0.009000000000000001,False,,,,0.022000000000000002,0.011000000000000001,0.032,0.977,0.023,0.021,0.044000000000000004,0.925,2694678.0,40.4,0.022000000000000002,0.044000000000000004,0.006,0.579,archive:bigrun_2026-07
panovggt,replica,office_4,synthetic_5.0hz,pano,125.0,2.488,31.435,archive_unspecified,31.4347,archive_unspecified,86.776,96.013,62.5,398.9,0.0,0.0,NVIDIA RTX PRO 6000 Blackwell Workstation Edition,RTX PRO 6000,0.008,0.032,False,,,,0.028999999999999998,0.008,0.037000000000000005,0.95,0.031,0.015,0.046,0.905,6147230.0,92.2,0.026000000000000002,0.064,0.026000000000000002,0.479,archive:bigrun_2026-07
panovggt,replica,frl_apartment_0,loop_2.0hz_s0,pano,106.0,2.604,23.381,archive_unspecified,23.3811,archive_unspecified,21.372,32.791,56.8,374.1,0.0,0.0,NVIDIA RTX PRO 6000 Blackwell Workstation Edition,RTX PRO 6000,0.106,0.12,False,,,,0.055999999999999994,0.013999999999999999,0.07,0.803,0.294,0.024,0.319,0.581,10920457.0,163.8,0.03,0.19,0.127,0.24,archive:bigrun_2026-07
panovggt,replica,frl_apartment_0,stopgo_2.0hz_s1,pano,77.0,2.779,13.554,archive_unspecified,13.5544,archive_unspecified,15.903,24.71,49.7,329.5,0.0,0.0,NVIDIA RTX PRO 6000 Blackwell Workstation Edition,RTX PRO 6000,0.013999999999999999,0.021,False,,,,0.042,0.02,0.062,0.863,0.32899999999999996,0.048,0.377,0.613,7527491.0,112.9,0.033,0.12,0.066,0.29100000000000004,archive:bigrun_2026-07
panovggt,replica,frl_apartment_0,synthetic_2.0hz_s1,pano,57.0,2.738,7.97,archive_unspecified,7.9705,archive_unspecified,11.779,20.778,39.7,269.8,0.0,0.0,NVIDIA RTX PRO 6000 Blackwell Workstation Edition,RTX PRO 6000,0.013999999999999999,0.021,False,,,,0.042,0.021,0.062,0.862,0.33299999999999996,0.048,0.38,0.611,7567192.0,113.5,0.033,0.11900000000000001,0.065,0.293,archive:bigrun_2026-07
panovggt,replica,frl_apartment_0,stopgo_2.0hz_s0,pano,100.0,2.662,21.255,archive_unspecified,21.2552,archive_unspecified,20.611,29.232,56.7,371.0,0.0,0.0,NVIDIA RTX PRO 6000 Blackwell Workstation Edition,RTX PRO 6000,0.027000000000000003,0.05,False,,,,0.042,0.019,0.061,0.868,0.289,0.037000000000000005,0.325,0.643,9048700.0,135.7,0.03,0.115,0.064,0.287,archive:bigrun_2026-07
panovggt,replica,frl_apartment_0,synthetic_0.5hz_s0,pano,20.0,1.687,1.693,archive_unspecified,1.693,archive_unspecified,4.636,13.503,15.5,139.5,0.0,0.0,NVIDIA RTX PRO 6000 Blackwell Workstation Edition,RTX PRO 6000,0.036000000000000004,0.028999999999999998,False,,,,0.035,0.021,0.055999999999999994,0.893,0.321,0.042,0.364,0.671,4343225.0,65.2,0.033,0.08800000000000001,0.039,0.336,archive:bigrun_2026-07
panovggt,replica,frl_apartment_0,synthetic_0.5hz_s1,pano,15.0,1.306,1.211,archive_unspecified,1.2112,archive_unspecified,3.833,12.859,10.7,121.6,0.0,0.0,NVIDIA RTX PRO 6000 Blackwell Workstation Edition,RTX PRO 6000,0.013000000000000001,0.01,False,,,,0.034,0.028999999999999998,0.062,0.883,0.38299999999999995,0.059000000000000004,0.442,0.619,3708676.0,55.6,0.034,0.078,0.035,0.345,archive:bigrun_2026-07
panovggt,replica,frl_apartment_0,synthetic_5.0hz_s1,pano,141.0,2.404,40.598,archive_unspecified,40.5975,archive_unspecified,29.341,37.293,68.8,440.0,0.0,0.0,NVIDIA RTX PRO 6000 Blackwell Workstation Edition,RTX PRO 6000,0.013999999999999999,0.035,False,,,,0.049,0.017,0.067,0.833,0.31,0.043,0.35200000000000004,0.589,11062839.0,165.9,0.032,0.155,0.095,0.256,archive:bigrun_2026-07
panovggt,replica,frl_apartment_0,synthetic_2.0hz_s0,pano,80.0,2.743,13.973,archive_unspecified,13.973,archive_unspecified,16.443,25.298,47.4,321.7,0.0,0.0,NVIDIA RTX PRO 6000 Blackwell Workstation Edition,RTX PRO 6000,0.031,0.051,False,,,,0.042,0.019,0.061,0.868,0.289,0.036000000000000004,0.325,0.643,8957231.0,134.4,0.03,0.114,0.063,0.28800000000000003,archive:bigrun_2026-07
panovggt,replica,frl_apartment_0,synthetic_5.0hz_s0,pano,198.0,1.966,76.431,archive_unspecified,76.4309,archive_unspecified,39.991,48.505,75.2,472.1,0.0,0.0,NVIDIA RTX PRO 6000 Blackwell Workstation Edition,RTX PRO 6000,0.023,0.068,False,,,,0.051,0.018000000000000002,0.069,0.83,0.275,0.034,0.309,0.611,12704841.0,190.6,0.03,0.152,0.098,0.251,archive:bigrun_2026-07
panovggt,replica,frl_apartment_0,loop_2.0hz_s1,pano,74.0,2.793,12.486,archive_unspecified,12.4858,archive_unspecified,15.36,24.117,48.9,323.7,0.0,0.0,NVIDIA RTX PRO 6000 Blackwell Workstation Edition,RTX PRO 6000,0.012,0.021,False,,,,0.043,0.021,0.064,0.853,0.315,0.046,0.361,0.607,8506550.0,127.6,0.031,0.125,0.071,0.285,archive:bigrun_2026-07
panovggt,replica,apartment_1,loop_2.0hz_s0,pano,84.0,2.767,15.349,archive_unspecified,15.3486,archive_unspecified,17.176,26.093,49.8,335.0,0.0,0.0,NVIDIA RTX PRO 6000 Blackwell Workstation Edition,RTX PRO 6000,2.22,1.621,False,,,,0.39399999999999996,1.3530000000000002,1.7469999999999999,0.09,0.377,1.8659999999999999,2.2430000000000003,0.068,7719641.0,115.8,0.043,0.8170000000000001,0.8190000000000001,0.031,archive:bigrun_2026-07
panovggt,replica,apartment_1,stopgo_2.0hz_s1,pano,90.0,2.805,17.707,archive_unspecified,17.7067,archive_unspecified,18.634,27.271,55.4,363.4,0.0,0.0,NVIDIA RTX PRO 6000 Blackwell Workstation Edition,RTX PRO 6000,2.301,1.129,False,,,,0.43700000000000006,1.389,1.8259999999999998,0.063,0.41700000000000004,2.052,2.469,0.049,6634108.0,99.5,0.046,0.83,0.873,0.021,archive:bigrun_2026-07
panovggt,replica,apartment_1,synthetic_2.0hz_s1,pano,70.0,2.877,11.156,archive_unspecified,11.1562,archive_unspecified,14.506,23.339,45.1,310.2,0.0,0.0,NVIDIA RTX PRO 6000 Blackwell Workstation Edition,RTX PRO 6000,2.419,1.229,False,,,,0.41100000000000003,1.1,1.5119999999999998,0.097,0.386,1.645,2.031,0.081,7336468.0,110.0,0.040999999999999995,0.8320000000000001,0.836,0.031,archive:bigrun_2026-07
panovggt,replica,apartment_1,stopgo_2.0hz_s0,pano,67.0,2.774,10.589,archive_unspecified,10.5887,archive_unspecified,13.182,24.245,44.5,305.8,0.0,0.0,NVIDIA RTX PRO 6000 Blackwell Workstation Edition,RTX PRO 6000,1.128,0.8009999999999999,False,,,,0.32,0.26899999999999996,0.589,0.254,0.337,0.18600000000000003,0.522,0.217,5491120.0,82.4,0.05,0.8140000000000001,0.7120000000000001,0.055,archive:bigrun_2026-07
panovggt,replica,apartment_1,synthetic_0.5hz_s0,pano,12.0,1.114,0.91,archive_unspecified,0.9103,archive_unspecified,3.345,12.201,8.2,100.8,0.0,0.0,NVIDIA RTX PRO 6000 Blackwell Workstation Edition,RTX PRO 6000,1.986,1.5030000000000001,False,,,,0.381,0.706,1.087,0.118,0.368,1.036,1.4040000000000001,0.1,2366072.0,35.5,0.044000000000000004,0.8190000000000001,0.8270000000000001,0.03,archive:bigrun_2026-07
panovggt,replica,apartment_1,synthetic_0.5hz_s1,pano,18.0,1.493,1.494,archive_unspecified,1.4944,archive_unspecified,4.179,13.514,14.2,130.6,0.0,0.0,NVIDIA RTX PRO 6000 Blackwell Workstation Edition,RTX PRO 6000,2.352,0.9740000000000001,False,,,,0.36700000000000005,0.86,1.227,0.094,0.34,1.4080000000000001,1.7480000000000002,0.077,3355533.0,50.3,0.05,0.8809999999999999,0.823,0.027000000000000003,archive:bigrun_2026-07
panovggt,replica,apartment_1,synthetic_5.0hz_s1,pano,175.0,2.154,60.843,archive_unspecified,60.8435,archive_unspecified,35.508,43.985,74.7,467.6,0.0,0.0,NVIDIA RTX PRO 6000 Blackwell Workstation Edition,RTX PRO 6000,2.461,1.209,False,,,,0.41,1.168,1.577,0.093,0.385,1.6909999999999998,2.077,0.079,10231573.0,153.5,0.039,0.792,0.845,0.027000000000000003,archive:bigrun_2026-07
panovggt,replica,apartment_1,synthetic_2.0hz_s0,pano,47.0,2.51,5.808,archive_unspecified,5.8081,archive_unspecified,9.105,19.866,31.0,229.9,0.0,0.0,NVIDIA RTX PRO 6000 Blackwell Workstation Edition,RTX PRO 6000,1.893,0.621,False,,,,0.299,0.37799999999999995,0.6759999999999999,0.341,0.24100000000000002,0.297,0.5379999999999999,0.278,5080754.0,76.2,0.052000000000000005,0.794,0.6459999999999999,0.091,archive:bigrun_2026-07
panovggt,replica,apartment_1,synthetic_5.0hz_s0,pano,116.0,2.564,27.959,archive_unspecified,27.9592,archive_unspecified,23.498,32.378,60.8,397.6,0.0,0.0,NVIDIA RTX PRO 6000 Blackwell Workstation Edition,RTX PRO 6000,1.462,0.8220000000000001,False,,,,0.28800000000000003,0.242,0.53,0.281,0.449,0.18,0.63,0.163,7957552.0,119.4,0.051,0.7509999999999999,0.695,0.057999999999999996,archive:bigrun_2026-07
panovggt,replica,apartment_1,loop_2.0hz_s1,pano,96.0,2.784,19.674,archive_unspecified,19.6741,archive_unspecified,19.919,28.443,56.8,372.6,0.0,0.0,NVIDIA RTX PRO 6000 Blackwell Workstation Edition,RTX PRO 6000,2.2159999999999997,1.69,False,,,,0.35700000000000004,0.934,1.29,0.191,0.344,1.146,1.49,0.166,8029592.0,120.4,0.047,0.8290000000000001,0.772,0.054000000000000006,archive:bigrun_2026-07
panovggt,replica,hotel_0,loop_2.0hz_s0,pano,44.0,2.532,5.323,archive_unspecified,5.3235,archive_unspecified,8.926,19.212,29.9,233.9,0.0,0.0,NVIDIA RTX PRO 6000 Blackwell Workstation Edition,RTX PRO 6000,0.039,0.079,False,,,,0.04,0.022000000000000002,0.062,0.833,0.04,0.036000000000000004,0.076,0.806,5711654.0,85.7,0.042,0.111,0.062,0.306,archive:bigrun_2026-07
panovggt,replica,hotel_0,stopgo_2.0hz_s1,pano,59.0,2.762,8.613,archive_unspecified,8.6134,archive_unspecified,12.043,21.177,40.6,287.0,0.0,0.0,NVIDIA RTX PRO 6000 Blackwell Workstation Edition,RTX PRO 6000,0.368,0.522,False,,,,0.062,0.038,0.1,0.675,0.057999999999999996,0.049,0.107,0.65,5440559.0,81.6,0.032,0.201,0.127,0.174,archive:bigrun_2026-07
panovggt,replica,hotel_0,synthetic_2.0hz_s1,pano,39.0,2.436,4.442,archive_unspecified,4.4419,archive_unspecified,8.001,18.109,26.2,216.4,0.0,0.0,NVIDIA RTX PRO 6000 Blackwell Workstation Edition,RTX PRO 6000,0.523,0.628,False,,,,0.121,0.128,0.249,0.314,0.114,0.13699999999999998,0.251,0.323,4954687.0,74.3,0.03,0.312,0.493,0.08199999999999999,archive:bigrun_2026-07
panovggt,replica,hotel_0,stopgo_2.0hz_s0,pano,57.0,2.694,8.15,archive_unspecified,8.1497,archive_unspecified,11.564,20.778,37.6,275.6,0.0,0.0,NVIDIA RTX PRO 6000 Blackwell Workstation Edition,RTX PRO 6000,0.018000000000000002,0.055,False,,,,0.034,0.025,0.059000000000000004,0.875,0.035,0.040999999999999995,0.076,0.826,5030245.0,75.5,0.04,0.091,0.040999999999999995,0.363,archive:bigrun_2026-07
panovggt,replica,hotel_0,synthetic_0.5hz_s0,pano,10.0,0.928,0.753,archive_unspecified,0.7531,archive_unspecified,2.969,11.763,7.8,89.8,0.0,0.0,NVIDIA RTX PRO 6000 Blackwell Workstation Edition,RTX PRO 6000,0.02,0.027000000000000003,False,,,,0.033,0.034,0.067,0.86,0.033,0.052000000000000005,0.085,0.8,2292223.0,34.4,0.048,0.08199999999999999,0.032,0.36200000000000004,archive:bigrun_2026-07
panovggt,replica,hotel_0,synthetic_0.5hz_s1,pano,10.0,0.969,0.763,archive_unspecified,0.763,archive_unspecified,3.173,11.763,7.6,95.7,0.0,0.0,NVIDIA RTX PRO 6000 Blackwell Workstation Edition,RTX PRO 6000,0.019,0.03,False,,,,0.026000000000000002,0.022000000000000002,0.049,0.901,0.027000000000000003,0.036000000000000004,0.062,0.861,2296357.0,34.5,0.044000000000000004,0.071,0.027999999999999997,0.556,archive:bigrun_2026-07
panovggt,replica,hotel_0,synthetic_5.0hz_s1,pano,97.0,2.715,20.628,archive_unspecified,20.6281,archive_unspecified,20.069,28.638,57.0,380.3,0.0,0.0,NVIDIA RTX PRO 6000 Blackwell Workstation Edition,RTX PRO 6000,0.506,0.7070000000000001,False,,,,0.121,0.105,0.226,0.327,0.115,0.114,0.22899999999999998,0.33,7478115.0,112.2,0.027000000000000003,0.349,0.484,0.087,archive:bigrun_2026-07
panovggt,replica,hotel_0,synthetic_2.0hz_s0,pano,37.0,2.23,4.044,archive_unspecified,4.0439,archive_unspecified,7.183,16.844,25.6,194.3,0.0,0.0,NVIDIA RTX PRO 6000 Blackwell Workstation Edition,RTX PRO 6000,0.24600000000000002,0.384,False,,,,0.049,0.032,0.081,0.774,0.047,0.048,0.096,0.745,4873958.0,73.1,0.040999999999999995,0.115,0.067,0.19899999999999998,archive:bigrun_2026-07
panovggt,replica,hotel_0,synthetic_5.0hz_s0,pano,93.0,2.74,19.035,archive_unspecified,19.0346,archive_unspecified,19.394,27.858,56.2,369.6,0.0,0.0,NVIDIA RTX PRO 6000 Blackwell Workstation Edition,RTX PRO 6000,0.043,0.12300000000000001,False,,,,0.045,0.025,0.07,0.824,0.044000000000000004,0.036000000000000004,0.08,0.798,7413916.0,111.2,0.034,0.13,0.078,0.303,archive:bigrun_2026-07
panovggt,replica,hotel_0,loop_2.0hz_s1,pano,60.0,2.789,8.812,archive_unspecified,8.8116,archive_unspecified,12.49,21.366,41.0,288.6,0.0,0.0,NVIDIA RTX PRO 6000 Blackwell Workstation Edition,RTX PRO 6000,0.429,0.42,False,,,,0.105,0.08800000000000001,0.193,0.334,0.10099999999999999,0.09699999999999999,0.198,0.34,6235272.0,93.5,0.027999999999999997,0.314,0.39,0.09300000000000001,archive:bigrun_2026-07
panovggt,replica,apartment_0,loop_2.0hz_s0,pano,89.0,2.648,16.907,archive_unspecified,16.9066,archive_unspecified,17.383,29.073,49.6,336.0,0.0,0.0,NVIDIA RTX PRO 6000 Blackwell Workstation Edition,RTX PRO 6000,0.763,1.093,False,,,,0.131,0.059000000000000004,0.19,0.373,0.139,0.43200000000000005,0.5710000000000001,0.298,8077956.0,121.2,0.044000000000000004,0.349,0.43700000000000006,0.038,archive:bigrun_2026-07
panovggt,replica,apartment_0,stopgo_2.0hz_s1,pano,99.0,2.744,20.747,archive_unspecified,20.7474,archive_unspecified,20.307,29.037,56.9,378.5,0.0,0.0,NVIDIA RTX PRO 6000 Blackwell Workstation Edition,RTX PRO 6000,0.19399999999999998,0.349,False,,,,0.059000000000000004,0.015,0.073,0.773,0.069,0.731,0.8,0.475,7592198.0,113.9,0.044000000000000004,0.161,0.122,0.13,archive:bigrun_2026-07
panovggt,replica,apartment_0,synthetic_2.0hz_s1,pano,79.0,2.865,13.611,archive_unspecified,13.6107,archive_unspecified,16.189,25.105,49.9,328.8,0.0,0.0,NVIDIA RTX PRO 6000 Blackwell Workstation Edition,RTX PRO 6000,0.188,0.301,False,,,,0.059000000000000004,0.013999999999999999,0.07400000000000001,0.756,0.067,0.738,0.805,0.475,7377577.0,110.7,0.043,0.157,0.128,0.11699999999999999,archive:bigrun_2026-07
panovggt,replica,apartment_0,stopgo_2.0hz_s0,pano,90.0,2.773,17.553,archive_unspecified,17.553,archive_unspecified,18.455,27.271,54.8,362.9,0.0,0.0,NVIDIA RTX PRO 6000 Blackwell Workstation Edition,RTX PRO 6000,0.428,0.517,False,,,,0.075,0.025,0.1,0.63,0.087,0.618,0.705,0.446,7338410.0,110.1,0.042,0.20199999999999999,0.244,0.098,archive:bigrun_2026-07
panovggt,replica,apartment_0,synthetic_0.5hz_s0,pano,18.0,1.533,1.465,archive_unspecified,1.4647,archive_unspecified,4.219,13.514,13.8,116.8,0.0,0.0,NVIDIA RTX PRO 6000 Blackwell Workstation Edition,RTX PRO 6000,0.8109999999999999,0.499,False,,,,0.175,0.136,0.311,0.261,0.163,0.708,0.871,0.195,3357864.0,50.4,0.036000000000000004,0.496,0.583,0.036000000000000004,archive:bigrun_2026-07
panovggt,replica,apartment_0,synthetic_0.5hz_s1,pano,20.0,1.64,1.709,archive_unspecified,1.7087,archive_unspecified,4.535,13.503,15.6,135.5,0.0,0.0,NVIDIA RTX PRO 6000 Blackwell Workstation Edition,RTX PRO 6000,0.034,0.028999999999999998,False,,,,0.048,0.02,0.068,0.81,0.052000000000000005,0.7609999999999999,0.813,0.464,3492385.0,52.4,0.036000000000000004,0.11599999999999999,0.07,0.145,archive:bigrun_2026-07
panovggt,replica,apartment_0,synthetic_2.0hz,pano,70.0,2.586,11.643,archive_unspecified,11.6428,archive_unspecified,75.772,85.394,44.1,300.1,0.0,0.0,NVIDIA RTX PRO 6000 Blackwell Workstation Edition,RTX PRO 6000,0.467,0.498,False,,,,0.076,0.027000000000000003,0.10300000000000001,0.619,0.09300000000000001,0.62,0.7140000000000001,0.44,7467450.0,112.0,0.043,0.20600000000000002,0.242,0.095,archive:bigrun_2026-07
panovggt,replica,apartment_0,synthetic_0.5hz,pano,18.0,1.341,1.584,archive_unspecified,1.5836,archive_unspecified,66.042,75.569,14.7,148.7,0.0,0.0,NVIDIA RTX PRO 6000 Blackwell Workstation Edition,RTX PRO 6000,0.8109999999999999,0.499,False,,,,0.175,0.136,0.312,0.261,0.163,0.706,0.87,0.195,3357864.0,50.4,0.036000000000000004,0.495,0.5820000000000001,0.035,archive:bigrun_2026-07
panovggt,replica,apartment_0,synthetic_5.0hz,pano,173.0,2.469,0.0,unavailable,,unavailable,95.222,101.683,83.2,504.1,0.0,0.0,NVIDIA RTX PRO 6000 Blackwell Workstation Edition,RTX PRO 6000,,,,,,,,,,,,,,,,,,,,,archive:bigrun_2026-07
panovggt,replica,apartment_0,synthetic_5.0hz_s1,pano,196.0,1.999,74.285,archive_unspecified,74.2855,archive_unspecified,39.603,48.115,74.9,473.2,0.0,0.0,NVIDIA RTX PRO 6000 Blackwell Workstation Edition,RTX PRO 6000,0.19,0.425,False,,,,0.07200000000000001,0.013000000000000001,0.085,0.706,0.083,0.73,0.813,0.454,10814174.0,162.2,0.048,0.212,0.18600000000000003,0.105,archive:bigrun_2026-07
panovggt,replica,apartment_0,synthetic_2.0hz_s0,pano,70.0,2.764,11.054,archive_unspecified,11.0543,archive_unspecified,14.095,23.339,44.5,298.3,0.0,0.0,NVIDIA RTX PRO 6000 Blackwell Workstation Edition,RTX PRO 6000,0.467,0.498,False,,,,0.076,0.027000000000000003,0.10300000000000001,0.619,0.09300000000000001,0.62,0.713,0.44,7467450.0,112.0,0.043,0.20600000000000002,0.242,0.094,archive:bigrun_2026-07
panovggt,replica,apartment_0,synthetic_5.0hz_s0,pano,173.0,2.077,58.138,archive_unspecified,58.138,archive_unspecified,35.037,43.585,69.4,441.0,0.0,0.0,NVIDIA RTX PRO 6000 Blackwell Workstation Edition,RTX PRO 6000,0.336,0.446,False,,,,0.07400000000000001,0.018000000000000002,0.092,0.661,0.10300000000000001,0.602,0.705,0.476,11260789.0,168.9,0.046,0.204,0.21100000000000002,0.09699999999999999,archive:bigrun_2026-07
panovggt,replica,apartment_0,loop_2.0hz_s1,pano,90.0,2.786,17.427,archive_unspecified,17.4272,archive_unspecified,18.46,27.271,53.6,355.2,0.0,0.0,NVIDIA RTX PRO 6000 Blackwell Workstation Edition,RTX PRO 6000,0.305,0.43,False,,,,0.066,0.015,0.081,0.698,0.07200000000000001,0.7440000000000001,0.816,0.461,7503919.0,112.6,0.045,0.171,0.168,0.096,archive:bigrun_2026-07
vggtslam,replica,office_4,synthetic_2.0hz,synthetic_fov,50.0,3.175,14.26,archive_unspecified,,unavailable,2.608,9.017,1.7,104.2,0.0,0.0,NVIDIA RTX PRO 6000 Blackwell Workstation Edition,RTX PRO 6000,0.307,0.627,False,,,,0.033,0.073,0.106,0.726,0.057999999999999996,0.10400000000000001,0.162,0.553,3177384.0,85.8,0.043,0.064,0.01,0.282,archive:bigrun_2026-07
vggtslam,replica,office_4,synthetic_0.5hz,synthetic_fov,13.0,0.925,12.787,archive_unspecified,,unavailable,2.145,8.309,4.2,105.7,0.0,0.0,NVIDIA RTX PRO 6000 Blackwell Workstation Edition,RTX PRO 6000,0.39299999999999996,0.285,False,,,,0.032,0.08,0.113,0.802,0.036000000000000004,0.225,0.261,0.625,1589087.0,42.9,0.037000000000000005,0.109,0.061,0.396,archive:bigrun_2026-07
vggtslam,replica,office_4,synthetic_5.0hz,synthetic_fov,125.0,7.937,14.159,archive_unspecified,,unavailable,2.722,9.017,3.4,104.7,0.0,0.0,NVIDIA RTX PRO 6000 Blackwell Workstation Edition,RTX PRO 6000,0.271,1.057,False,,,,0.039,0.059000000000000004,0.09699999999999999,0.755,0.039,0.106,0.145,0.672,3797683.0,102.5,0.046,0.10800000000000001,0.057,0.336,archive:bigrun_2026-07
vggtslam,replica,frl_apartment_0,loop_2.0hz_s0,synthetic_fov,106.0,6.04,15.597,archive_unspecified,,unavailable,3.247,9.02,4.4,107.6,0.0,0.0,NVIDIA RTX PRO 6000 Blackwell Workstation Edition,RTX PRO 6000,0.732,1.236,False,,,,0.203,0.16699999999999998,0.37,0.324,0.20199999999999999,0.18899999999999997,0.39,0.292,6377059.0,172.2,0.034,0.643,0.5379999999999999,0.07400000000000001,archive:bigrun_2026-07
vggtslam,replica,frl_apartment_0,stopgo_2.0hz_s1,synthetic_fov,77.0,5.101,13.627,archive_unspecified,,unavailable,2.447,9.017,3.6,94.1,0.0,0.0,NVIDIA RTX PRO 6000 Blackwell Workstation Edition,RTX PRO 6000,0.136,0.265,False,,,,0.035,0.08800000000000001,0.12300000000000001,0.752,0.064,0.109,0.172,0.582,2845586.0,76.8,0.036000000000000004,0.073,0.028999999999999998,0.294,archive:bigrun_2026-07
vggtslam,replica,frl_apartment_0,synthetic_2.0hz_s1,synthetic_fov,57.0,3.766,13.65,archive_unspecified,,unavailable,2.461,9.017,3.7,91.8,0.0,0.0,NVIDIA RTX PRO 6000 Blackwell Workstation Edition,RTX PRO 6000,0.136,0.265,False,,,,0.035,0.08800000000000001,0.12300000000000001,0.752,0.064,0.109,0.172,0.582,2845586.0,76.8,0.036000000000000004,0.073,0.027999999999999997,0.293,archive:bigrun_2026-07
vggtslam,replica,frl_apartment_0,stopgo_2.0hz_s0,synthetic_fov,100.0,6.41,13.9,archive_unspecified,,unavailable,2.811,9.02,2.3,99.1,0.0,0.0,NVIDIA RTX PRO 6000 Blackwell Workstation Edition,RTX PRO 6000,0.877,1.329,False,,,,0.154,0.142,0.29600000000000004,0.302,0.14800000000000002,0.17300000000000001,0.322,0.28,4410610.0,119.1,0.033,0.304,0.606,0.086,archive:bigrun_2026-07
vggtslam,replica,frl_apartment_0,synthetic_0.5hz_s0,synthetic_fov,20.0,1.431,12.626,archive_unspecified,,unavailable,2.184,8.6,0.5,85.4,0.0,0.0,NVIDIA RTX PRO 6000 Blackwell Workstation Edition,RTX PRO 6000,0.612,0.519,False,,,,0.165,0.235,0.4,0.397,0.207,0.20600000000000002,0.413,0.291,1975686.0,53.3,0.033,0.474,0.456,0.128,archive:bigrun_2026-07
vggtslam,replica,frl_apartment_0,synthetic_0.5hz_s1,synthetic_fov,15.0,1.084,12.526,archive_unspecified,,unavailable,2.096,8.309,1.4,86.2,0.0,0.0,NVIDIA RTX PRO 6000 Blackwell Workstation Edition,RTX PRO 6000,0.044000000000000004,0.059000000000000004,False,,,,0.032,0.04,0.07200000000000001,0.847,0.038,0.107,0.145,0.694,1675019.0,45.2,0.040999999999999995,0.07,0.019,0.308,archive:bigrun_2026-07
vggtslam,replica,frl_apartment_0,synthetic_5.0hz_s1,synthetic_fov,141.0,8.885,14.216,archive_unspecified,,unavailable,2.808,9.017,4.3,100.3,0.0,0.0,NVIDIA RTX PRO 6000 Blackwell Workstation Edition,RTX PRO 6000,0.22699999999999998,0.384,False,,,,0.05,0.10400000000000001,0.154,0.631,0.10099999999999999,0.12,0.222,0.46,4110661.0,111.0,0.038,0.146,0.1,0.22399999999999998,archive:bigrun_2026-07
vggtslam,replica,frl_apartment_0,synthetic_2.0hz_s0,synthetic_fov,80.0,4.953,14.478,archive_unspecified,,unavailable,2.799,9.02,2.0,99.4,0.0,0.0,NVIDIA RTX PRO 6000 Blackwell Workstation Edition,RTX PRO 6000,0.877,1.329,False,,,,0.154,0.142,0.297,0.302,0.14800000000000002,0.174,0.322,0.281,4410610.0,119.1,0.033,0.305,0.606,0.086,archive:bigrun_2026-07
vggtslam,replica,frl_apartment_0,synthetic_5.0hz_s0,synthetic_fov,198.0,11.343,15.57,archive_unspecified,,unavailable,3.24,9.02,3.9,105.7,0.0,0.0,NVIDIA RTX PRO 6000 Blackwell Workstation Edition,RTX PRO 6000,2.0980000000000003,3.938,False,,,,0.643,1.1320000000000001,1.775,0.052,0.7120000000000001,1.146,1.858,0.053,5610697.0,151.5,0.04,1.225,0.8759999999999999,0.023,archive:bigrun_2026-07
vggtslam,replica,frl_apartment_0,loop_2.0hz_s1,synthetic_fov,74.0,4.576,14.562,archive_unspecified,,unavailable,2.644,9.017,3.1,94.4,0.0,0.0,NVIDIA RTX PRO 6000 Blackwell Workstation Edition,RTX PRO 6000,0.09300000000000001,0.21600000000000003,False,,,,0.032,0.036000000000000004,0.068,0.828,0.075,0.07200000000000001,0.147,0.62,3804462.0,102.7,0.042,0.068,0.013999999999999999,0.305,archive:bigrun_2026-07
vggtslam,replica,apartment_1,loop_2.0hz_s0,synthetic_fov,84.0,5.024,15.007,archive_unspecified,,unavailable,3.056,9.02,2.2,107.0,0.0,0.0,NVIDIA RTX PRO 6000 Blackwell Workstation Edition,RTX PRO 6000,2.254,2.326,False,,,,0.506,1.34,1.8459999999999999,0.057,0.545,2.029,2.574,0.045,4722169.0,127.5,0.038,0.895,0.8590000000000001,0.027000000000000003,archive:bigrun_2026-07
vggtslam,replica,apartment_1,stopgo_2.0hz_s1,synthetic_fov,90.0,5.281,15.546,archive_unspecified,,unavailable,2.769,9.02,3.0,103.7,0.0,0.0,NVIDIA RTX PRO 6000 Blackwell Workstation Edition,RTX PRO 6000,2.865,2.3080000000000003,False,,,,0.478,1.932,2.41,0.021,0.461,2.4619999999999997,2.923,0.015,2862919.0,77.3,0.031,0.8909999999999999,0.818,0.048,archive:bigrun_2026-07
vggtslam,replica,apartment_1,synthetic_2.0hz_s1,synthetic_fov,70.0,4.353,14.592,archive_unspecified,,unavailable,2.76,9.02,7.8,100.2,0.0,0.0,NVIDIA RTX PRO 6000 Blackwell Workstation Edition,RTX PRO 6000,2.865,2.3080000000000003,False,,,,0.479,1.939,2.418,0.022,0.462,2.467,2.929,0.015,2862919.0,77.3,0.031,0.892,0.8190000000000001,0.048,archive:bigrun_2026-07
vggtslam,replica,apartment_1,stopgo_2.0hz_s0,synthetic_fov,67.0,4.261,14.122,archive_unspecified,,unavailable,2.761,9.017,2.5,104.5,0.0,0.0,NVIDIA RTX PRO 6000 Blackwell Workstation Edition,RTX PRO 6000,1.976,1.3559999999999999,False,,,,0.142,2.9010000000000002,3.042,0.014,0.11699999999999999,3.5860000000000003,3.7030000000000003,0.015,3768547.0,101.8,0.043,0.41600000000000004,0.48100000000000004,0.107,archive:bigrun_2026-07
vggtslam,replica,apartment_1,synthetic_0.5hz_s0,synthetic_fov,12.0,0.879,12.426,archive_unspecified,,unavailable,2.054,8.166,1.6,81.5,0.0,0.0,NVIDIA RTX PRO 6000 Blackwell Workstation Edition,RTX PRO 6000,2.171,1.3319999999999999,False,,,,0.382,2.1430000000000002,2.524,0.02,0.335,2.878,3.213,0.014,974939.0,26.3,0.036000000000000004,0.807,0.8029999999999999,0.027999999999999997,archive:bigrun_2026-07
vggtslam,replica,apartment_1,synthetic_0.5hz_s1,synthetic_fov,18.0,1.204,13.644,archive_unspecified,,unavailable,2.184,8.894,1.4,86.5,0.0,0.0,NVIDIA RTX PRO 6000 Blackwell Workstation Edition,RTX PRO 6000,2.418,1.3969999999999998,False,,,,0.41200000000000003,1.875,2.287,0.038,0.389,2.387,2.7760000000000002,0.019,1495078.0,40.4,0.038,0.96,0.785,0.027999999999999997,archive:bigrun_2026-07
vggtslam,replica,apartment_1,synthetic_5.0hz_s1,synthetic_fov,175.0,9.792,16.0,archive_unspecified,,unavailable,3.509,9.02,10.6,119.1,0.0,0.0,NVIDIA RTX PRO 6000 Blackwell Workstation Edition,RTX PRO 6000,2.727,2.05,False,,,,0.48,1.442,1.922,0.034,0.43799999999999994,2.229,2.667,0.025,5891383.0,159.1,0.049,0.795,0.9309999999999999,0.011000000000000001,archive:bigrun_2026-07
vggtslam,replica,apartment_1,synthetic_2.0hz_s0,synthetic_fov,47.0,2.976,14.266,archive_unspecified,,unavailable,2.557,9.017,4.3,94.2,0.0,0.0,NVIDIA RTX PRO 6000 Blackwell Workstation Edition,RTX PRO 6000,1.2690000000000001,2.2,False,,,,0.506,1.01,1.516,0.031,0.45899999999999996,1.7009999999999998,2.1590000000000003,0.024,3058545.0,82.6,0.045,0.872,0.889,0.02,archive:bigrun_2026-07
vggtslam,replica,apartment_1,synthetic_5.0hz_s0,synthetic_fov,116.0,6.572,16.016,archive_unspecified,,unavailable,2.96,9.02,6.1,107.8,0.0,0.0,NVIDIA RTX PRO 6000 Blackwell Workstation Edition,RTX PRO 6000,1.578,2.73,False,,,,0.23600000000000002,0.84,1.0759999999999998,0.311,0.231,1.3519999999999999,1.5830000000000002,0.19,4049742.0,109.3,0.035,0.726,0.5529999999999999,0.159,archive:bigrun_2026-07
vggtslam,replica,apartment_1,loop_2.0hz_s1,synthetic_fov,96.0,5.257,16.517,archive_unspecified,,unavailable,3.153,9.02,6.2,108.7,0.0,0.0,NVIDIA RTX PRO 6000 Blackwell Workstation Edition,RTX PRO 6000,2.9989999999999997,2.056,False,,,,0.384,2.0909999999999997,2.475,0.039,0.344,2.667,3.011,0.022,4825477.0,130.3,0.032,0.9540000000000001,0.665,0.077,archive:bigrun_2026-07
vggtslam,replica,hotel_0,loop_2.0hz_s0,synthetic_fov,44.0,2.803,14.115,archive_unspecified,,unavailable,2.518,9.017,5.5,95.1,0.0,0.0,NVIDIA RTX PRO 6000 Blackwell Workstation Edition,RTX PRO 6000,0.888,1.294,False,,,,0.379,1.227,1.6059999999999999,0.056,0.353,1.7890000000000001,2.1430000000000002,0.039,3597457.0,97.1,0.043,0.68,0.8220000000000001,0.032,archive:bigrun_2026-07
vggtslam,replica,hotel_0,stopgo_2.0hz_s1,synthetic_fov,59.0,3.614,14.542,archive_unspecified,,unavailable,2.936,9.02,8.5,104.4,0.0,0.0,NVIDIA RTX PRO 6000 Blackwell Workstation Edition,RTX PRO 6000,1.48,1.493,False,,,,0.374,1.6680000000000001,2.042,0.066,0.35700000000000004,1.63,1.9880000000000002,0.059,4909788.0,132.6,0.04,0.523,0.885,0.023,archive:bigrun_2026-07
vggtslam,replica,hotel_0,synthetic_2.0hz_s1,synthetic_fov,39.0,2.564,13.723,archive_unspecified,,unavailable,2.547,9.02,6.3,98.6,0.0,0.0,NVIDIA RTX PRO 6000 Blackwell Workstation Edition,RTX PRO 6000,1.525,1.255,False,,,,0.21899999999999997,2.134,2.353,0.058,0.204,2.0709999999999997,2.275,0.041,3026397.0,81.7,0.028999999999999998,0.561,0.62,0.08,archive:bigrun_2026-07
vggtslam,replica,hotel_0,stopgo_2.0hz_s0,synthetic_fov,57.0,3.858,13.309,archive_unspecified,,unavailable,2.439,9.017,2.8,92.5,0.0,0.0,NVIDIA RTX PRO 6000 Blackwell Workstation Edition,RTX PRO 6000,0.9059999999999999,1.327,False,,,,0.433,1.209,1.642,0.025,0.414,1.805,2.219,0.017,2834285.0,76.5,0.04,0.725,0.895,0.012,archive:bigrun_2026-07
vggtslam,replica,hotel_0,synthetic_0.5hz_s0,synthetic_fov,10.0,0.746,12.177,archive_unspecified,,unavailable,2.003,7.533,2.8,78.2,0.0,0.0,NVIDIA RTX PRO 6000 Blackwell Workstation Edition,RTX PRO 6000,0.071,0.105,False,,,,0.047,0.136,0.183,0.51,0.052000000000000005,0.797,0.8490000000000001,0.273,1064556.0,28.7,0.05,0.109,0.075,0.228,archive:bigrun_2026-07
vggtslam,replica,hotel_0,synthetic_0.5hz_s1,synthetic_fov,10.0,0.728,12.475,archive_unspecified,,unavailable,2.069,8.166,3.3,85.4,0.0,0.0,NVIDIA RTX PRO 6000 Blackwell Workstation Edition,RTX PRO 6000,0.7490000000000001,0.9159999999999999,False,,,,0.225,1.114,1.339,0.129,0.41600000000000004,1.104,1.5190000000000001,0.103,1333506.0,36.0,0.048,0.39299999999999996,0.762,0.087,archive:bigrun_2026-07
vggtslam,replica,hotel_0,synthetic_5.0hz_s1,synthetic_fov,97.0,5.761,15.022,archive_unspecified,,unavailable,3.133,9.02,3.5,110.1,0.0,0.0,NVIDIA RTX PRO 6000 Blackwell Workstation Edition,RTX PRO 6000,1.304,2.061,False,,,,0.309,1.32,1.629,0.101,0.289,1.325,1.614,0.077,5313185.0,143.5,0.042,0.6729999999999999,0.778,0.052000000000000005,archive:bigrun_2026-07
vggtslam,replica,hotel_0,synthetic_2.0hz_s0,synthetic_fov,37.0,2.523,13.185,archive_unspecified,,unavailable,2.459,9.017,5.6,91.3,0.0,0.0,NVIDIA RTX PRO 6000 Blackwell Workstation Edition,RTX PRO 6000,0.9059999999999999,1.327,False,,,,0.433,1.21,1.643,0.025,0.414,1.807,2.222,0.017,2834285.0,76.5,0.04,0.723,0.895,0.012,archive:bigrun_2026-07
vggtslam,replica,hotel_0,synthetic_5.0hz_s0,synthetic_fov,93.0,5.855,14.253,archive_unspecified,,unavailable,2.696,9.017,2.8,98.2,0.0,0.0,NVIDIA RTX PRO 6000 Blackwell Workstation Edition,RTX PRO 6000,0.951,1.9,False,,,,0.165,1.5830000000000002,1.7480000000000002,0.084,0.145,1.814,1.959,0.056,4000990.0,108.0,0.031,0.504,0.46799999999999997,0.12,archive:bigrun_2026-07
vggtslam,replica,hotel_0,loop_2.0hz_s1,synthetic_fov,60.0,3.651,14.788,archive_unspecified,,unavailable,2.774,9.02,6.7,100.7,0.0,0.0,NVIDIA RTX PRO 6000 Blackwell Workstation Edition,RTX PRO 6000,0.87,1.3430000000000002,False,,,,0.27399999999999997,0.379,0.653,0.166,0.287,0.355,0.643,0.162,3986361.0,107.6,0.034,0.64,0.721,0.061,archive:bigrun_2026-07
vggtslam,replica,apartment_0,loop_2.0hz_s0,synthetic_fov,89.0,5.134,15.455,archive_unspecified,,unavailable,3.087,9.02,2.1,108.8,0.0,0.0,NVIDIA RTX PRO 6000 Blackwell Workstation Edition,RTX PRO 6000,1.577,3.327,False,,,,0.379,0.8270000000000001,1.206,0.091,0.304,1.058,1.3619999999999999,0.087,5815657.0,157.0,0.037000000000000005,0.7979999999999999,0.794,0.021,archive:bigrun_2026-07
vggtslam,replica,apartment_0,stopgo_2.0hz_s1,synthetic_fov,99.0,6.107,14.425,archive_unspecified,,unavailable,2.941,9.017,4.7,109.6,0.0,0.0,NVIDIA RTX PRO 6000 Blackwell Workstation Edition,RTX PRO 6000,1.261,2.485,False,,,,0.204,0.45799999999999996,0.6609999999999999,0.23,0.195,1.756,1.9509999999999998,0.093,5001792.0,135.1,0.034,0.608,0.531,0.064,archive:bigrun_2026-07
vggtslam,replica,apartment_0,synthetic_2.0hz_s1,synthetic_fov,79.0,4.669,15.127,archive_unspecified,,unavailable,2.883,9.017,2.6,104.8,0.0,0.0,NVIDIA RTX PRO 6000 Blackwell Workstation Edition,RTX PRO 6000,1.261,2.485,False,,,,0.203,0.45799999999999996,0.6609999999999999,0.229,0.195,1.7530000000000001,1.9480000000000002,0.093,5001792.0,135.1,0.034,0.607,0.531,0.063,archive:bigrun_2026-07
vggtslam,replica,apartment_0,stopgo_2.0hz_s0,synthetic_fov,90.0,5.844,13.894,archive_unspecified,,unavailable,2.622,9.017,1.9,101.4,0.0,0.0,NVIDIA RTX PRO 6000 Blackwell Workstation Edition,RTX PRO 6000,2.073,2.504,False,,,,0.354,1.564,1.9180000000000001,0.049,0.31,1.864,2.174,0.032,3155185.0,85.2,0.028999999999999998,0.784,0.823,0.016,archive:bigrun_2026-07
vggtslam,replica,apartment_0,synthetic_0.5hz_s0,synthetic_fov,18.0,1.25,13.035,archive_unspecified,,unavailable,2.2,8.751,3.0,89.9,0.0,0.0,NVIDIA RTX PRO 6000 Blackwell Workstation Edition,RTX PRO 6000,0.882,0.573,False,,,,0.306,0.371,0.677,0.172,0.242,0.937,1.18,0.105,2127018.0,57.4,0.04,0.732,0.703,0.033,archive:bigrun_2026-07
vggtslam,replica,apartment_0,synthetic_0.5hz_s1,synthetic_fov,20.0,1.323,13.666,archive_unspecified,,unavailable,2.328,9.017,4.6,93.7,0.0,0.0,NVIDIA RTX PRO 6000 Blackwell Workstation Edition,RTX PRO 6000,0.258,0.14300000000000002,False,,,,0.051,0.17800000000000002,0.228,0.624,0.069,1.357,1.4269999999999998,0.226,2588196.0,69.9,0.037000000000000005,0.136,0.092,0.149,archive:bigrun_2026-07
vggtslam,replica,apartment_0,synthetic_2.0hz,synthetic_fov,70.0,4.27,14.893,archive_unspecified,,unavailable,2.545,9.017,1.9,102.4,0.0,0.0,NVIDIA RTX PRO 6000 Blackwell Workstation Edition,RTX PRO 6000,2.073,2.504,False,,,,0.35700000000000004,1.5659999999999998,1.923,0.05,0.313,1.8619999999999999,2.174,0.032,3155185.0,85.2,0.028999999999999998,0.79,0.8270000000000001,0.016,archive:bigrun_2026-07
vggtslam,replica,apartment_0,synthetic_0.5hz,synthetic_fov,18.0,1.235,13.224,archive_unspecified,,unavailable,2.235,8.751,1.6,94.9,0.0,0.0,NVIDIA RTX PRO 6000 Blackwell Workstation Edition,RTX PRO 6000,0.882,0.573,False,,,,0.306,0.373,0.68,0.17,0.242,0.938,1.181,0.104,2127018.0,57.4,0.04,0.731,0.7040000000000001,0.032,archive:bigrun_2026-07
vggtslam,replica,apartment_0,synthetic_5.0hz,synthetic_fov,173.0,8.232,19.119,archive_unspecified,,unavailable,78.676,101.398,6.2,107.2,0.0,0.0,NVIDIA RTX PRO 6000 Blackwell Workstation Edition,RTX PRO 6000,1.9380000000000002,2.6660000000000004,False,,,,0.254,1.536,1.791,0.072,0.23199999999999998,1.614,1.8459999999999999,0.057,6077135.0,164.1,0.035,0.677,0.644,0.034,archive:bigrun_2026-07
vggtslam,replica,apartment_0,synthetic_5.0hz_s1,synthetic_fov,196.0,10.571,16.491,archive_unspecified,,unavailable,3.353,9.02,4.2,112.2,0.0,0.0,NVIDIA RTX PRO 6000 Blackwell Workstation Edition,RTX PRO 6000,1.663,2.234,False,,,,0.325,0.7979999999999999,1.123,0.088,0.31,1.7109999999999999,2.021,0.039,6823396.0,184.2,0.03,0.759,0.7709999999999999,0.021,archive:bigrun_2026-07
vggtslam,replica,apartment_0,synthetic_2.0hz_s0,synthetic_fov,70.0,3.912,16.362,archive_unspecified,,unavailable,2.495,9.017,4.0,94.2,0.0,0.0,NVIDIA RTX PRO 6000 Blackwell Workstation Edition,RTX PRO 6000,2.073,2.504,False,,,,0.36,1.569,1.93,0.05,0.315,1.861,2.175,0.033,3155185.0,85.2,0.028999999999999998,0.787,0.83,0.017,archive:bigrun_2026-07
vggtslam,replica,apartment_0,synthetic_5.0hz_s0,synthetic_fov,173.0,9.424,16.421,archive_unspecified,,unavailable,3.218,9.02,5.4,110.9,0.0,0.0,NVIDIA RTX PRO 6000 Blackwell Workstation Edition,RTX PRO 6000,1.9380000000000002,2.6660000000000004,False,,,,0.253,1.531,1.784,0.073,0.231,1.615,1.847,0.058,6077135.0,164.1,0.035,0.674,0.639,0.032,archive:bigrun_2026-07
vggtslam,replica,apartment_0,loop_2.0hz_s1,synthetic_fov,90.0,4.927,16.314,archive_unspecified,,unavailable,3.122,9.02,4.5,107.3,0.0,0.0,NVIDIA RTX PRO 6000 Blackwell Workstation Edition,RTX PRO 6000,1.19,2.2230000000000003,False,,,,0.175,0.34,0.515,0.255,0.168,1.617,1.785,0.107,6228001.0,168.2,0.036000000000000004,0.5589999999999999,0.483,0.066,archive:bigrun_2026-07
prism_sl4,replica,office_4,synthetic_2.0hz,pano,50.0,2.876,5.648,archive_unspecified,1.1547,archive_unspecified,76.97,85.903,25.0,203.2,0.0,3939.9,NVIDIA RTX PRO 6000 Blackwell Workstation Edition,RTX PRO 6000,0.006999999999999999,0.022000000000000002,False,,,,0.017,0.027000000000000003,0.045,0.948,0.019,0.042,0.061,0.878,523023.0,7.8,0.019,0.036000000000000004,0.004,0.722,archive:bigrun_2026-07
prism_sl4,replica,office_4,synthetic_0.5hz,pano,13.0,0.716,3.143,archive_unspecified,1.5716,archive_unspecified,75.497,87.633,10.8,120.7,0.0,3939.9,NVIDIA RTX PRO 6000 Blackwell Workstation Edition,RTX PRO 6000,0.006999999999999999,0.009000000000000001,False,,,,0.019,0.022000000000000002,0.04,0.958,0.019,0.039,0.057999999999999996,0.89,544861.0,8.2,0.022000000000000002,0.039,0.002,0.6629999999999999,archive:bigrun_2026-07
prism_sl4,replica,office_4,synthetic_5.0hz,pano,125.0,4.565,15.17,archive_unspecified,1.2845,archive_unspecified,78.903,86.007,44.7,301.1,0.0,3939.9,NVIDIA RTX PRO 6000 Blackwell Workstation Edition,RTX PRO 6000,0.009000000000000001,0.027999999999999997,False,,,,0.02,0.026000000000000002,0.046,0.95,0.023,0.037000000000000005,0.06,0.879,557085.0,8.4,0.019,0.040999999999999995,0.002,0.597,archive:bigrun_2026-07
prism_sl4,replica,apartment_0,synthetic_2.0hz,pano,70.0,3.079,10.511,archive_unspecified,1.3514,archive_unspecified,78.607,86.007,30.8,206.3,0.0,3939.9,NVIDIA RTX PRO 6000 Blackwell Workstation Edition,RTX PRO 6000,0.29,0.33299999999999996,False,,,,0.067,0.086,0.153,0.519,0.078,0.7070000000000001,0.785,0.336,1368265.0,20.5,0.023,0.188,0.21600000000000003,0.092,archive:bigrun_2026-07
prism_sl4,replica,apartment_0,synthetic_0.5hz,pano,18.0,1.134,5.265,archive_unspecified,2.6303,archive_unspecified,78.185,91.756,16.0,117.0,0.0,3939.9,NVIDIA RTX PRO 6000 Blackwell Workstation Edition,RTX PRO 6000,0.665,0.45299999999999996,False,,,,0.17,0.19699999999999998,0.36700000000000005,0.221,0.163,0.848,1.011,0.137,1383444.0,20.8,0.022000000000000002,0.524,0.575,0.037000000000000005,archive:bigrun_2026-07
prism_sl4,replica,apartment_0,synthetic_5.0hz,pano,173.0,4.601,24.453,archive_unspecified,1.2996,archive_unspecified,80.56,86.486,49.7,303.9,0.0,3939.9,NVIDIA RTX PRO 6000 Blackwell Workstation Edition,RTX PRO 6000,0.598,0.47600000000000003,False,,,,0.141,0.175,0.316,0.368,0.183,0.7709999999999999,0.9540000000000001,0.22,1647020.0,24.7,0.025,0.51,0.387,0.07,archive:bigrun_2026-07
pi3,replica,office_4,synthetic_2.0hz,synthetic_fov,50.0,4.431,2.53,archive_unspecified,2.5298,archive_unspecified,71.891,97.29,25.0,203.9,0.0,0.0,NVIDIA RTX PRO 6000 Blackwell Workstation Edition,RTX PRO 6000,0.052000000000000005,0.163,True,0.863,13.7,61.5,0.025,0.015,0.04,0.96,0.027000000000000003,0.069,0.095,0.844,1077863.0,16.2,0.023,0.052000000000000005,0.005,0.47600000000000003,archive:bigrun_2026-07
pi3,replica,office_4,synthetic_0.5hz,synthetic_fov,13.0,1.586,0.839,archive_unspecified,0.8389,archive_unspecified,65.342,78.034,7.1,137.7,0.0,0.0,NVIDIA RTX PRO 6000 Blackwell Workstation Edition,RTX PRO 6000,0.061,0.059000000000000004,True,0.871,12.9,58.2,0.024,0.021,0.045,0.965,0.025,0.19699999999999998,0.222,0.783,680452.0,10.2,0.017,0.045,0.003,0.45299999999999996,archive:bigrun_2026-07
pi3,replica,office_4,synthetic_5.0hz,synthetic_fov,125.0,12.598,0.0,unavailable,,unavailable,71.226,102.141,18.2,159.6,0.0,0.0,NVIDIA RTX PRO 6000 Blackwell Workstation Edition,RTX PRO 6000,,,,,,,,,,,,,,,,,,,,,archive:bigrun_2026-07
pi3,replica,frl_apartment_0,loop_2.0hz_s0,synthetic_fov,106.0,5.98,6.883,archive_unspecified,6.8834,archive_unspecified,19.225,32.885,39.1,285.3,0.0,0.0,NVIDIA RTX PRO 6000 Blackwell Workstation Edition,RTX PRO 6000,0.25,0.37,True,0.962,3.8,32.0,0.09300000000000001,0.057,0.15,0.583,0.255,0.07,0.325,0.454,3291721.0,49.4,0.028999999999999998,0.281,0.31,0.163,archive:bigrun_2026-07
pi3,replica,frl_apartment_0,stopgo_2.0hz_s1,synthetic_fov,77.0,5.478,4.285,archive_unspecified,4.2848,archive_unspecified,14.299,35.683,31.2,238.7,0.0,0.0,NVIDIA RTX PRO 6000 Blackwell Workstation Edition,RTX PRO 6000,0.096,0.09300000000000001,True,0.991,0.9,32.1,0.051,0.027000000000000003,0.078,0.723,0.223,0.07,0.293,0.564,2303501.0,34.5,0.03,0.11900000000000001,0.08900000000000001,0.22,archive:bigrun_2026-07
pi3,replica,frl_apartment_0,synthetic_2.0hz_s1,synthetic_fov,57.0,4.686,2.884,archive_unspecified,2.8844,archive_unspecified,11.659,38.826,20.9,194.7,0.0,0.0,NVIDIA RTX PRO 6000 Blackwell Workstation Edition,RTX PRO 6000,0.11,0.107,True,0.99,1.0,32.4,0.052000000000000005,0.027000000000000003,0.079,0.714,0.22399999999999998,0.07,0.294,0.549,2342016.0,35.1,0.03,0.124,0.099,0.223,archive:bigrun_2026-07
pi3,replica,frl_apartment_0,stopgo_2.0hz_s0,synthetic_fov,100.0,5.762,6.324,archive_unspecified,6.3243,archive_unspecified,17.226,31.501,38.8,273.6,0.0,0.0,NVIDIA RTX PRO 6000 Blackwell Workstation Edition,RTX PRO 6000,0.171,0.27399999999999997,True,0.973,2.7,29.7,0.07400000000000001,0.059000000000000004,0.132,0.594,0.239,0.08199999999999999,0.321,0.457,2574163.0,38.6,0.026000000000000002,0.19699999999999998,0.26,0.159,archive:bigrun_2026-07
pi3,replica,frl_apartment_0,synthetic_0.5hz_s0,synthetic_fov,20.0,2.179,1.06,archive_unspecified,1.0596,archive_unspecified,4.336,21.049,10.8,110.8,0.0,0.0,NVIDIA RTX PRO 6000 Blackwell Workstation Edition,RTX PRO 6000,0.17600000000000002,0.147,True,0.953,4.7,37.0,0.07200000000000001,0.08900000000000001,0.161,0.533,0.266,0.106,0.37200000000000005,0.403,1422184.0,21.3,0.028999999999999998,0.183,0.247,0.171,archive:bigrun_2026-07
pi3,replica,frl_apartment_0,synthetic_0.5hz_s1,synthetic_fov,15.0,1.828,0.879,archive_unspecified,0.8793,archive_unspecified,3.891,18.214,9.8,107.0,0.0,0.0,NVIDIA RTX PRO 6000 Blackwell Workstation Edition,RTX PRO 6000,0.133,0.096,True,0.978,2.2,32.0,0.059000000000000004,0.040999999999999995,0.1,0.628,0.271,0.106,0.377,0.498,1295285.0,19.4,0.031,0.142,0.183,0.20600000000000002,archive:bigrun_2026-07
pi3,replica,frl_apartment_0,synthetic_5.0hz_s1,synthetic_fov,141.0,6.027,10.9,archive_unspecified,10.9,archive_unspecified,33.199,50.824,51.3,336.3,0.0,0.0,NVIDIA RTX PRO 6000 Blackwell Workstation Edition,RTX PRO 6000,0.13,0.175,True,0.976,2.4,35.0,0.059000000000000004,0.025,0.084,0.678,0.207,0.063,0.27,0.53,3228876.0,48.4,0.028999999999999998,0.147,0.141,0.18899999999999997,archive:bigrun_2026-07
pi3,replica,frl_apartment_0,synthetic_2.0hz_s0,synthetic_fov,80.0,5.548,4.513,archive_unspecified,4.5133,archive_unspecified,15.041,36.696,35.1,240.4,0.0,0.0,NVIDIA RTX PRO 6000 Blackwell Workstation Edition,RTX PRO 6000,0.166,0.254,True,0.971,2.9,29.7,0.066,0.057999999999999996,0.124,0.616,0.235,0.081,0.316,0.467,2562224.0,38.4,0.027000000000000003,0.16699999999999998,0.217,0.172,archive:bigrun_2026-07
pi3,replica,frl_apartment_0,synthetic_5.0hz_s0,synthetic_fov,198.0,5.822,19.175,archive_unspecified,19.1751,archive_unspecified,62.948,86.717,59.2,388.5,0.0,0.0,NVIDIA RTX PRO 6000 Blackwell Workstation Edition,RTX PRO 6000,0.11900000000000001,0.275,True,0.963,3.7,31.7,0.076,0.055999999999999994,0.132,0.6,0.22899999999999998,0.078,0.307,0.465,3416287.0,51.2,0.027999999999999997,0.213,0.259,0.166,archive:bigrun_2026-07
pi3,replica,frl_apartment_0,loop_2.0hz_s1,synthetic_fov,74.0,5.458,4.067,archive_unspecified,4.067,archive_unspecified,13.999,35.479,34.1,239.0,0.0,0.0,NVIDIA RTX PRO 6000 Blackwell Workstation Edition,RTX PRO 6000,0.071,0.09699999999999999,True,0.973,2.7,34.3,0.047,0.02,0.067,0.782,0.226,0.052000000000000005,0.278,0.622,2795276.0,41.9,0.028999999999999998,0.115,0.085,0.239,archive:bigrun_2026-07
pi3,replica,apartment_1,loop_2.0hz_s0,synthetic_fov,84.0,5.693,4.873,archive_unspecified,4.8734,archive_unspecified,15.588,38.082,34.0,251.2,0.0,0.0,NVIDIA RTX PRO 6000 Blackwell Workstation Edition,RTX PRO 6000,1.679,1.301,True,0.945,5.5,7.9,0.312,0.623,0.935,0.205,0.358,1.153,1.511,0.155,1345312.0,20.2,0.024,0.8059999999999999,0.721,0.06,archive:bigrun_2026-07
pi3,replica,apartment_1,stopgo_2.0hz_s1,synthetic_fov,90.0,5.93,5.388,archive_unspecified,5.3879,archive_unspecified,15.509,31.981,35.0,269.0,0.0,0.0,NVIDIA RTX PRO 6000 Blackwell Workstation Edition,RTX PRO 6000,1.395,1.425,True,1.325,32.5,1.4,0.36700000000000005,0.35700000000000004,0.723,0.19,0.355,0.483,0.838,0.159,1315851.0,19.7,0.027999999999999997,0.851,0.77,0.049,archive:bigrun_2026-07
pi3,replica,apartment_1,synthetic_2.0hz_s1,synthetic_fov,70.0,5.25,3.707,archive_unspecified,3.7067,archive_unspecified,13.233,39.867,28.0,217.3,0.0,0.0,NVIDIA RTX PRO 6000 Blackwell Workstation Edition,RTX PRO 6000,1.702,1.4980000000000002,True,1.191,19.1,0.4,0.355,0.299,0.655,0.184,0.353,0.642,0.995,0.166,1449382.0,21.7,0.027000000000000003,0.825,0.775,0.042,archive:bigrun_2026-07
pi3,replica,apartment_1,stopgo_2.0hz_s0,synthetic_fov,67.0,5.36,3.56,archive_unspecified,3.5599,archive_unspecified,12.875,38.227,31.1,224.4,0.0,0.0,NVIDIA RTX PRO 6000 Blackwell Workstation Edition,RTX PRO 6000,1.736,0.998,True,0.873,12.7,1.3,0.374,0.847,1.2209999999999999,0.179,0.379,1.46,1.84,0.114,877222.0,13.2,0.018000000000000002,0.9309999999999999,0.737,0.078,archive:bigrun_2026-07
pi3,replica,apartment_1,synthetic_0.5hz_s0,synthetic_fov,12.0,1.421,0.777,archive_unspecified,0.7766,archive_unspecified,3.127,17.148,5.6,91.1,0.0,0.0,NVIDIA RTX PRO 6000 Blackwell Workstation Edition,RTX PRO 6000,1.919,1.1520000000000001,True,0.883,11.7,4.4,0.313,0.9079999999999999,1.2209999999999999,0.175,0.368,1.482,1.85,0.111,434858.0,6.5,0.015,0.851,0.66,0.14400000000000002,archive:bigrun_2026-07
pi3,replica,apartment_1,synthetic_0.5hz_s1,synthetic_fov,18.0,2.201,1.001,archive_unspecified,1.001,archive_unspecified,3.886,15.808,9.6,115.1,0.0,0.0,NVIDIA RTX PRO 6000 Blackwell Workstation Edition,RTX PRO 6000,1.83,1.463,True,1.52,52.0,4.5,0.301,0.612,0.9129999999999999,0.101,0.882,0.514,1.3969999999999998,0.056,585680.0,8.8,0.02,0.723,0.742,0.044000000000000004,archive:bigrun_2026-07
pi3,replica,apartment_1,synthetic_5.0hz_s1,synthetic_fov,175.0,6.077,15.698,archive_unspecified,15.6981,archive_unspecified,49.798,70.978,57.6,378.8,0.0,0.0,NVIDIA RTX PRO 6000 Blackwell Workstation Edition,RTX PRO 6000,2.059,2.077,True,0.943,5.7,6.6,0.408,0.637,1.045,0.118,0.4,1.165,1.564,0.12,2559287.0,38.4,0.035,0.851,0.851,0.026000000000000002,archive:bigrun_2026-07
pi3,replica,apartment_1,synthetic_2.0hz_s0,synthetic_fov,47.0,4.338,2.297,archive_unspecified,2.2969,archive_unspecified,9.221,33.986,19.8,179.0,0.0,0.0,NVIDIA RTX PRO 6000 Blackwell Workstation Edition,RTX PRO 6000,2.056,1.1340000000000001,True,0.824,17.6,4.2,0.364,1.011,1.376,0.18,0.35700000000000004,1.619,1.976,0.116,879557.0,13.2,0.018000000000000002,0.893,0.723,0.077,archive:bigrun_2026-07
pi3,replica,apartment_1,synthetic_5.0hz_s0,synthetic_fov,116.0,5.873,7.962,archive_unspecified,7.9616,archive_unspecified,22.231,38.401,43.8,300.4,0.0,0.0,NVIDIA RTX PRO 6000 Blackwell Workstation Edition,RTX PRO 6000,2.066,1.192,True,0.762,23.8,2.5,0.382,1.129,1.51,0.091,0.371,1.7480000000000002,2.1180000000000003,0.068,1250805.0,18.8,0.024,0.8320000000000001,0.8320000000000001,0.028999999999999998,archive:bigrun_2026-07
pi3,replica,apartment_1,loop_2.0hz_s1,synthetic_fov,96.0,6.076,5.887,archive_unspecified,5.8867,archive_unspecified,17.654,34.276,40.6,277.5,0.0,0.0,NVIDIA RTX PRO 6000 Blackwell Workstation Edition,RTX PRO 6000,2.013,1.338,True,0.857,14.3,0.1,0.376,0.8270000000000001,1.203,0.109,0.368,1.165,1.5330000000000001,0.113,1537373.0,23.1,0.027000000000000003,0.8079999999999999,0.8320000000000001,0.028999999999999998,archive:bigrun_2026-07
pi3,replica,hotel_0,loop_2.0hz_s0,synthetic_fov,44.0,4.299,2.139,archive_unspecified,2.1391,archive_unspecified,8.611,32.065,22.0,179.1,0.0,0.0,NVIDIA RTX PRO 6000 Blackwell Workstation Edition,RTX PRO 6000,0.147,0.349,True,0.978,2.2,21.5,0.053,0.05,0.10300000000000001,0.618,0.053,0.317,0.37,0.419,542591.0,8.1,0.017,0.133,0.10800000000000001,0.191,archive:bigrun_2026-07
pi3,replica,hotel_0,stopgo_2.0hz_s1,synthetic_fov,59.0,5.084,3.033,archive_unspecified,3.0329,archive_unspecified,11.562,39.512,22.7,207.4,0.0,0.0,NVIDIA RTX PRO 6000 Blackwell Workstation Edition,RTX PRO 6000,0.765,0.935,True,1.015,1.5,26.6,0.10400000000000001,0.11599999999999999,0.221,0.385,0.107,0.20800000000000002,0.315,0.317,574658.0,8.6,0.026000000000000002,0.38799999999999996,0.327,0.155,archive:bigrun_2026-07
pi3,replica,hotel_0,synthetic_2.0hz_s1,synthetic_fov,39.0,4.068,1.86,archive_unspecified,1.8596,archive_unspecified,7.671,29.15,19.8,166.3,0.0,0.0,NVIDIA RTX PRO 6000 Blackwell Workstation Edition,RTX PRO 6000,0.418,0.8740000000000001,True,1.036,3.6,27.7,0.042,0.036000000000000004,0.078,0.773,0.042,0.14,0.182,0.615,544351.0,8.2,0.024,0.10400000000000001,0.057,0.254,archive:bigrun_2026-07
pi3,replica,hotel_0,stopgo_2.0hz_s0,synthetic_fov,57.0,4.918,2.893,archive_unspecified,2.8928,archive_unspecified,11.206,38.826,29.6,204.5,0.0,0.0,NVIDIA RTX PRO 6000 Blackwell Workstation Edition,RTX PRO 6000,0.212,0.5489999999999999,True,0.916,8.4,28.3,0.12300000000000001,0.293,0.41600000000000004,0.341,0.114,0.5920000000000001,0.706,0.242,488893.0,7.3,0.016,0.349,0.44299999999999995,0.12300000000000001,archive:bigrun_2026-07
pi3,replica,hotel_0,synthetic_0.5hz_s0,synthetic_fov,10.0,1.258,0.726,archive_unspecified,0.7259,archive_unspecified,2.858,15.387,3.2,85.4,0.0,0.0,NVIDIA RTX PRO 6000 Blackwell Workstation Edition,RTX PRO 6000,0.402,0.41600000000000004,True,0.868,13.2,17.7,0.12300000000000001,0.217,0.33899999999999997,0.334,0.128,0.975,1.102,0.189,268661.0,4.0,0.018000000000000002,0.35700000000000004,0.431,0.172,archive:bigrun_2026-07
pi3,replica,hotel_0,synthetic_0.5hz_s1,synthetic_fov,10.0,1.334,0.728,archive_unspecified,0.728,archive_unspecified,3.148,15.387,6.5,94.5,0.0,0.0,NVIDIA RTX PRO 6000 Blackwell Workstation Edition,RTX PRO 6000,0.20600000000000002,0.243,True,0.978,2.2,28.0,0.113,0.168,0.28,0.366,0.115,0.33299999999999996,0.44799999999999995,0.268,295478.0,4.4,0.03,0.365,0.386,0.163,archive:bigrun_2026-07
pi3,replica,hotel_0,synthetic_5.0hz_s1,synthetic_fov,97.0,5.775,6.129,archive_unspecified,6.1288,archive_unspecified,16.582,33.653,38.6,276.0,0.0,0.0,NVIDIA RTX PRO 6000 Blackwell Workstation Edition,RTX PRO 6000,0.37200000000000005,0.934,True,1.083,8.3,24.9,0.031,0.026000000000000002,0.057,0.896,0.036000000000000004,0.11599999999999999,0.152,0.715,638648.0,9.6,0.025,0.08800000000000001,0.043,0.46,archive:bigrun_2026-07
pi3,replica,hotel_0,synthetic_2.0hz_s0,synthetic_fov,37.0,3.808,1.767,archive_unspecified,1.7673,archive_unspecified,7.175,28.555,20.3,156.8,0.0,0.0,NVIDIA RTX PRO 6000 Blackwell Workstation Edition,RTX PRO 6000,0.23399999999999999,0.544,True,0.932,6.8,17.4,0.113,0.142,0.255,0.405,0.10400000000000001,0.46299999999999997,0.568,0.28,494614.0,7.4,0.017,0.348,0.39,0.17300000000000001,archive:bigrun_2026-07
pi3,replica,hotel_0,synthetic_5.0hz_s0,synthetic_fov,93.0,5.891,5.684,archive_unspecified,5.6839,archive_unspecified,15.748,32.141,39.2,278.4,0.0,0.0,NVIDIA RTX PRO 6000 Blackwell Workstation Edition,RTX PRO 6000,0.299,1.013,True,0.942,5.8,26.1,0.11900000000000001,0.16899999999999998,0.28800000000000003,0.375,0.12300000000000001,0.26899999999999996,0.392,0.294,700483.0,10.5,0.031,0.313,0.462,0.166,archive:bigrun_2026-07
pi3,replica,hotel_0,loop_2.0hz_s1,synthetic_fov,60.0,5.038,3.109,archive_unspecified,3.1092,archive_unspecified,11.966,40.471,29.6,209.0,0.0,0.0,NVIDIA RTX PRO 6000 Blackwell Workstation Edition,RTX PRO 6000,0.214,0.41100000000000003,True,1.114,11.4,19.0,0.034,0.03,0.064,0.873,0.04,0.105,0.145,0.711,631840.0,9.5,0.023,0.081,0.036000000000000004,0.34700000000000003,archive:bigrun_2026-07
pi3,replica,apartment_0,loop_2.0hz_s0,synthetic_fov,89.0,5.751,5.241,archive_unspecified,5.2406,archive_unspecified,15.175,31.606,36.9,258.1,0.0,0.0,NVIDIA RTX PRO 6000 Blackwell Workstation Edition,RTX PRO 6000,0.475,0.802,True,0.945,5.5,17.9,0.055999999999999994,0.031,0.086,0.717,0.059000000000000004,0.6609999999999999,0.72,0.435,2182175.0,32.7,0.033,0.134,0.098,0.125,archive:bigrun_2026-07
pi3,replica,apartment_0,stopgo_2.0hz_s1,synthetic_fov,99.0,5.977,6.278,archive_unspecified,6.2782,archive_unspecified,17.875,34.431,40.2,277.8,0.0,0.0,NVIDIA RTX PRO 6000 Blackwell Workstation Edition,RTX PRO 6000,0.129,0.225,True,0.918,8.2,19.5,0.075,0.052000000000000005,0.127,0.509,0.084,0.8009999999999999,0.884,0.304,2027788.0,30.4,0.038,0.2,0.198,0.069,archive:bigrun_2026-07
pi3,replica,apartment_0,synthetic_2.0hz_s1,synthetic_fov,79.0,5.571,4.384,archive_unspecified,4.3843,archive_unspecified,14.376,36.354,30.3,237.2,0.0,0.0,NVIDIA RTX PRO 6000 Blackwell Workstation Edition,RTX PRO 6000,0.207,0.327,True,0.942,5.8,14.0,0.067,0.044000000000000004,0.11199999999999999,0.576,0.077,0.8009999999999999,0.878,0.333,1976732.0,29.6,0.036000000000000004,0.17800000000000002,0.142,0.07400000000000001,archive:bigrun_2026-07
pi3,replica,apartment_0,stopgo_2.0hz_s0,synthetic_fov,90.0,5.713,5.397,archive_unspecified,5.3974,archive_unspecified,15.522,31.981,39.0,263.4,0.0,0.0,NVIDIA RTX PRO 6000 Blackwell Workstation Edition,RTX PRO 6000,0.09699999999999999,0.18600000000000003,True,0.937,6.3,20.8,0.053,0.026000000000000002,0.079,0.76,0.054000000000000006,0.7240000000000001,0.778,0.433,1927303.0,28.9,0.035,0.132,0.08800000000000001,0.135,archive:bigrun_2026-07
pi3,replica,apartment_0,synthetic_0.5hz_s0,synthetic_fov,18.0,2.102,0.973,archive_unspecified,0.9733,archive_unspecified,3.8,15.808,9.9,97.2,0.0,0.0,NVIDIA RTX PRO 6000 Blackwell Workstation Edition,RTX PRO 6000,0.375,0.256,True,0.953,4.7,16.3,0.051,0.048,0.1,0.732,0.054000000000000006,0.737,0.79,0.38,1023680.0,15.4,0.031,0.124,0.08,0.147,archive:bigrun_2026-07
pi3,replica,apartment_0,synthetic_0.5hz_s1,synthetic_fov,20.0,2.433,1.084,archive_unspecified,1.0843,archive_unspecified,4.845,21.049,7.2,112.9,0.0,0.0,NVIDIA RTX PRO 6000 Blackwell Workstation Edition,RTX PRO 6000,0.132,0.092,True,0.945,5.5,12.4,0.075,0.073,0.14800000000000002,0.431,0.081,0.865,0.945,0.229,954729.0,14.3,0.033,0.20600000000000002,0.16699999999999998,0.06,archive:bigrun_2026-07
pi3,replica,apartment_0,synthetic_2.0hz,synthetic_fov,70.0,4.947,3.786,archive_unspecified,3.7863,archive_unspecified,55.681,82.572,28.2,220.7,0.0,0.0,NVIDIA RTX PRO 6000 Blackwell Workstation Edition,RTX PRO 6000,0.096,0.168,True,0.941,5.9,18.5,0.047,0.022000000000000002,0.069,0.818,0.049,0.715,0.764,0.464,1937315.0,29.1,0.034,0.11,0.06,0.166,archive:bigrun_2026-07
pi3,replica,apartment_0,synthetic_0.5hz,synthetic_fov,18.0,2.151,1.022,archive_unspecified,1.022,archive_unspecified,65.834,77.675,11.4,147.8,0.0,0.0,NVIDIA RTX PRO 6000 Blackwell Workstation Edition,RTX PRO 6000,0.375,0.256,True,0.953,4.7,16.3,0.051,0.048,0.099,0.732,0.054000000000000006,0.738,0.792,0.38,1023680.0,15.4,0.031,0.124,0.08,0.146,archive:bigrun_2026-07
pi3,replica,apartment_0,synthetic_5.0hz,synthetic_fov,173.0,6.048,15.138,archive_unspecified,15.1382,archive_unspecified,49.013,69.686,54.9,364.6,0.0,0.0,NVIDIA RTX PRO 6000 Blackwell Workstation Edition,RTX PRO 6000,0.08199999999999999,0.23,True,0.938,6.2,19.4,0.057,0.02,0.076,0.779,0.059000000000000004,0.7140000000000001,0.773,0.461,2697310.0,40.5,0.034,0.14800000000000002,0.099,0.139,archive:bigrun_2026-07
pi3,replica,apartment_0,synthetic_5.0hz_s1,synthetic_fov,196.0,5.922,18.971,archive_unspecified,18.9709,archive_unspecified,62.244,85.278,60.9,391.4,0.0,0.0,NVIDIA RTX PRO 6000 Blackwell Workstation Edition,RTX PRO 6000,0.107,0.244,True,0.942,5.8,16.6,0.07,0.035,0.105,0.614,0.086,0.78,0.866,0.353,2876468.0,43.1,0.032,0.19699999999999998,0.166,0.08199999999999999,archive:bigrun_2026-07
pi3,replica,apartment_0,synthetic_2.0hz_s0,synthetic_fov,70.0,5.123,3.714,archive_unspecified,3.7136,archive_unspecified,13.474,39.867,31.0,215.9,0.0,0.0,NVIDIA RTX PRO 6000 Blackwell Workstation Edition,RTX PRO 6000,0.096,0.168,True,0.941,5.9,18.5,0.047,0.022000000000000002,0.069,0.819,0.049,0.716,0.764,0.465,1937315.0,29.1,0.034,0.11,0.06,0.166,archive:bigrun_2026-07
pi3,replica,apartment_0,synthetic_5.0hz_s0,synthetic_fov,173.0,5.837,15.292,archive_unspecified,15.2922,archive_unspecified,47.498,69.686,54.7,361.8,0.0,0.0,NVIDIA RTX PRO 6000 Blackwell Workstation Edition,RTX PRO 6000,0.08199999999999999,0.23,True,0.938,6.2,19.4,0.057,0.02,0.077,0.779,0.059000000000000004,0.716,0.775,0.461,2697310.0,40.5,0.034,0.14800000000000002,0.099,0.139,archive:bigrun_2026-07
pi3,replica,apartment_0,loop_2.0hz_s1,synthetic_fov,90.0,5.824,5.362,archive_unspecified,5.3622,archive_unspecified,15.592,31.981,39.7,266.4,0.0,0.0,NVIDIA RTX PRO 6000 Blackwell Workstation Edition,RTX PRO 6000,0.14800000000000002,0.24600000000000002,True,0.92,8.0,17.8,0.077,0.052000000000000005,0.128,0.491,0.08199999999999999,0.812,0.893,0.304,2129710.0,31.9,0.036000000000000004,0.212,0.193,0.06,archive:bigrun_2026-07
prism_sim3,replica,frl_apartment_0,loop_2.0hz_s0,pano,106.0,3.772,16.25,archive_unspecified,1.37,archive_unspecified,8.105,15.284,41.5,261.4,0.0,3939.9,NVIDIA RTX PRO 6000 Blackwell Workstation Edition,RTX PRO 6000,0.607,0.491,True,0.846,15.4,34.2,0.228,0.24600000000000002,0.475,0.304,0.24600000000000002,0.24100000000000002,0.48700000000000004,0.264,1847554.0,27.7,0.028999999999999998,0.718,0.5589999999999999,0.09300000000000001,archive:bigrun_2026-07
prism_sim3,replica,frl_apartment_0,stopgo_2.0hz_s1,pano,77.0,3.412,11.31,archive_unspecified,1.2976,archive_unspecified,6.752,13.944,36.9,238.9,0.0,3939.9,NVIDIA RTX PRO 6000 Blackwell Workstation Edition,RTX PRO 6000,0.017,0.021,True,0.993,0.7,20.0,0.035,0.125,0.161,0.695,0.07,0.168,0.239,0.547,1091258.0,16.4,0.027999999999999997,0.083,0.035,0.295,archive:bigrun_2026-07
prism_sim3,replica,frl_apartment_0,synthetic_2.0hz_s1,pano,57.0,3.089,8.059,archive_unspecified,1.3538,archive_unspecified,6.175,13.772,31.3,200.9,0.0,3939.9,NVIDIA RTX PRO 6000 Blackwell Workstation Edition,RTX PRO 6000,0.015,0.02,True,0.991,0.9,17.3,0.031,0.126,0.157,0.72,0.057999999999999996,0.23800000000000002,0.29600000000000004,0.591,951353.0,14.3,0.027999999999999997,0.067,0.022000000000000002,0.342,archive:bigrun_2026-07
prism_sim3,replica,frl_apartment_0,stopgo_2.0hz_s0,pano,100.0,3.736,15.832,archive_unspecified,1.2996,archive_unspecified,7.974,14.118,42.8,272.2,0.0,3939.9,NVIDIA RTX PRO 6000 Blackwell Workstation Edition,RTX PRO 6000,0.16699999999999998,0.12,True,0.927,7.3,17.4,0.095,0.191,0.28600000000000003,0.381,0.125,0.152,0.27699999999999997,0.334,1635979.0,24.5,0.026000000000000002,0.282,0.341,0.11699999999999999,archive:bigrun_2026-07
prism_sim3,replica,frl_apartment_0,synthetic_0.5hz_s0,pano,20.0,1.35,4.109,archive_unspecified,2.0542,archive_unspecified,5.088,18.249,15.4,106.2,0.0,3939.9,NVIDIA RTX PRO 6000 Blackwell Workstation Edition,RTX PRO 6000,0.013000000000000001,0.013000000000000001,True,0.99,1.0,16.5,0.027000000000000003,0.184,0.21100000000000002,0.751,0.035,0.187,0.223,0.648,845380.0,12.7,0.028999999999999998,0.057,0.01,0.415,archive:bigrun_2026-07
prism_sim3,replica,frl_apartment_0,synthetic_0.5hz_s1,pano,15.0,1.031,4.086,archive_unspecified,2.0429,archive_unspecified,4.875,18.1,13.6,106.9,0.0,3939.9,NVIDIA RTX PRO 6000 Blackwell Workstation Edition,RTX PRO 6000,0.013000000000000001,0.01,True,0.989,1.1,19.7,0.027999999999999997,0.107,0.135,0.761,0.045,0.187,0.231,0.627,887439.0,13.3,0.026000000000000002,0.06,0.015,0.369,archive:bigrun_2026-07
prism_sim3,replica,frl_apartment_0,synthetic_5.0hz_s1,pano,141.0,4.779,17.89,archive_unspecified,1.2975,archive_unspecified,7.628,13.805,48.9,303.8,0.0,3939.9,NVIDIA RTX PRO 6000 Blackwell Workstation Edition,RTX PRO 6000,0.026000000000000002,0.032,True,0.992,0.8,18.3,0.031,0.142,0.174,0.698,0.065,0.222,0.28600000000000003,0.562,981679.0,14.7,0.027000000000000003,0.067,0.019,0.331,archive:bigrun_2026-07
prism_sim3,replica,frl_apartment_0,synthetic_2.0hz_s0,pano,80.0,3.388,12.009,archive_unspecified,1.3455,archive_unspecified,7.062,13.902,34.4,233.6,0.0,3939.9,NVIDIA RTX PRO 6000 Blackwell Workstation Edition,RTX PRO 6000,0.276,0.28300000000000003,True,0.927,7.3,20.3,0.087,0.184,0.271,0.369,0.11800000000000001,0.126,0.244,0.317,1373331.0,20.6,0.025,0.23399999999999999,0.311,0.11800000000000001,archive:bigrun_2026-07
prism_sim3,replica,frl_apartment_0,synthetic_5.0hz_s0,pano,198.0,4.988,27.236,archive_unspecified,1.3049,archive_unspecified,8.95,14.825,53.0,332.1,0.0,3939.9,NVIDIA RTX PRO 6000 Blackwell Workstation Edition,RTX PRO 6000,0.268,0.358,True,0.901,9.9,24.5,0.131,0.23399999999999999,0.365,0.292,0.195,0.177,0.373,0.236,1653748.0,24.8,0.027000000000000003,0.35100000000000003,0.46399999999999997,0.08800000000000001,archive:bigrun_2026-07
prism_sim3,replica,frl_apartment_0,loop_2.0hz_s1,pano,74.0,3.517,9.982,archive_unspecified,1.327,archive_unspecified,6.585,13.944,34.5,220.2,0.0,3939.9,NVIDIA RTX PRO 6000 Blackwell Workstation Edition,RTX PRO 6000,0.02,0.023,True,0.988,1.2,22.0,0.032,0.11800000000000001,0.15,0.733,0.068,0.16699999999999998,0.235,0.573,1164496.0,17.5,0.031,0.067,0.018000000000000002,0.295,archive:bigrun_2026-07
prism_sim3,replica,apartment_1,loop_2.0hz_s0,pano,84.0,5.369,0.0,unavailable,,unavailable,5.176,14.422,20.9,168.4,0.0,0.0,NVIDIA RTX PRO 6000 Blackwell Workstation Edition,RTX PRO 6000,,,,,,,,,,,,,,,,,,,,,archive:bigrun_2026-07
prism_sim3,replica,apartment_1,stopgo_2.0hz_s1,pano,90.0,3.413,14.696,archive_unspecified,1.429,archive_unspecified,8.36,15.928,39.2,238.9,0.0,3939.9,NVIDIA RTX PRO 6000 Blackwell Workstation Edition,RTX PRO 6000,2.25,1.3730000000000002,True,0.321,67.9,36.2,0.423,1.61,2.033,0.036,0.41,2.252,2.661,0.02,1816653.0,27.2,0.02,0.8,0.882,0.024,archive:bigrun_2026-07
prism_sim3,replica,apartment_1,synthetic_2.0hz_s1,pano,70.0,3.19,11.012,archive_unspecified,1.5102,archive_unspecified,8.054,19.428,34.6,212.8,0.0,3939.9,NVIDIA RTX PRO 6000 Blackwell Workstation Edition,RTX PRO 6000,1.764,1.665,True,0.603,39.7,28.4,0.32,0.9990000000000001,1.319,0.128,0.433,1.3030000000000002,1.735,0.095,1533038.0,23.0,0.021,0.76,0.718,0.063,archive:bigrun_2026-07
prism_sim3,replica,apartment_1,stopgo_2.0hz_s0,pano,67.0,4.036,0.0,unavailable,,unavailable,5.518,14.422,27.4,203.0,0.0,0.0,NVIDIA RTX PRO 6000 Blackwell Workstation Edition,RTX PRO 6000,,,,,,,,,,,,,,,,,,,,,archive:bigrun_2026-07
prism_sim3,replica,apartment_1,synthetic_0.5hz_s0,pano,12.0,0.843,3.533,archive_unspecified,1.7664,archive_unspecified,4.414,15.756,11.2,91.4,0.0,3939.9,NVIDIA RTX PRO 6000 Blackwell Workstation Edition,RTX PRO 6000,1.986,1.5030000000000001,True,0.738,26.2,12.4,0.355,1.006,1.36,0.082,0.35700000000000004,1.514,1.871,0.058,794068.0,11.9,0.022000000000000002,0.8320000000000001,0.792,0.038,archive:bigrun_2026-07
prism_sim3,replica,apartment_1,synthetic_0.5hz_s1,pano,18.0,1.192,4.37,archive_unspecified,2.1849,archive_unspecified,5.149,17.41,16.8,108.6,0.0,3939.9,NVIDIA RTX PRO 6000 Blackwell Workstation Edition,RTX PRO 6000,1.845,1.41,True,0.65,35.0,4.1,0.342,1.1909999999999998,1.5319999999999998,0.127,0.309,1.496,1.805,0.117,914813.0,13.7,0.02,0.8029999999999999,0.742,0.09,archive:bigrun_2026-07
prism_sim3,replica,apartment_1,synthetic_5.0hz_s1,pano,175.0,3.497,37.584,archive_unspecified,1.2898,archive_unspecified,14.591,24.339,41.5,261.8,0.0,3939.9,NVIDIA RTX PRO 6000 Blackwell Workstation Edition,RTX PRO 6000,2.319,1.58,True,0.446,55.4,59.5,0.381,1.003,1.3840000000000001,0.108,0.377,1.182,1.5590000000000002,0.091,3290692.0,49.4,0.025,0.831,0.7879999999999999,0.042,archive:bigrun_2026-07
prism_sim3,replica,apartment_1,synthetic_2.0hz_s0,pano,47.0,3.06,0.0,unavailable,,unavailable,5.069,14.246,25.1,170.4,0.0,0.0,NVIDIA RTX PRO 6000 Blackwell Workstation Edition,RTX PRO 6000,,,,,,,,,,,,,,,,,,,,,archive:bigrun_2026-07
prism_sim3,replica,apartment_1,synthetic_5.0hz_s0,pano,116.0,6.659,0.0,unavailable,,unavailable,5.4,13.944,26.5,195.1,0.0,0.0,NVIDIA RTX PRO 6000 Blackwell Workstation Edition,RTX PRO 6000,,,,,,,,,,,,,,,,,,,,,archive:bigrun_2026-07
prism_sim3,replica,apartment_1,loop_2.0hz_s1,pano,96.0,3.706,14.774,archive_unspecified,1.4326,archive_unspecified,8.347,15.269,42.4,240.7,0.0,3939.9,NVIDIA RTX PRO 6000 Blackwell Workstation Edition,RTX PRO 6000,2.597,1.376,True,0.472,52.8,29.1,0.298,1.254,1.5519999999999998,0.116,0.324,1.7409999999999999,2.065,0.078,1800211.0,27.0,0.023,0.7440000000000001,0.713,0.059000000000000004,archive:bigrun_2026-07
prism_sim3,replica,hotel_0,loop_2.0hz_s0,pano,44.0,2.914,0.0,unavailable,,unavailable,4.803,13.703,25.5,181.6,0.0,0.0,NVIDIA RTX PRO 6000 Blackwell Workstation Edition,RTX PRO 6000,,,,,,,,,,,,,,,,,,,,,archive:bigrun_2026-07
prism_sim3,replica,hotel_0,stopgo_2.0hz_s1,pano,59.0,3.936,0.0,unavailable,,unavailable,4.936,13.94,25.4,179.6,0.0,0.0,NVIDIA RTX PRO 6000 Blackwell Workstation Edition,RTX PRO 6000,,,,,,,,,,,,,,,,,,,,,archive:bigrun_2026-07
prism_sim3,replica,hotel_0,synthetic_2.0hz_s1,pano,39.0,2.445,5.076,archive_unspecified,1.2786,archive_unspecified,4.901,13.944,22.7,146.7,0.0,3939.9,NVIDIA RTX PRO 6000 Blackwell Workstation Edition,RTX PRO 6000,0.5429999999999999,0.44,True,0.886,11.4,25.4,0.155,0.91,1.065,0.218,0.426,0.8420000000000001,1.268,0.179,810796.0,12.2,0.024,0.49700000000000005,0.461,0.11199999999999999,archive:bigrun_2026-07
prism_sim3,replica,hotel_0,stopgo_2.0hz_s0,pano,57.0,3.42,0.0,unavailable,,unavailable,5.367,13.568,28.9,198.1,0.0,0.0,NVIDIA RTX PRO 6000 Blackwell Workstation Edition,RTX PRO 6000,,,,,,,,,,,,,,,,,,,,,archive:bigrun_2026-07
prism_sim3,replica,hotel_0,synthetic_0.5hz_s0,pano,10.0,0.713,3.321,archive_unspecified,1.6604,archive_unspecified,4.172,14.915,10.3,87.1,0.0,3939.9,NVIDIA RTX PRO 6000 Blackwell Workstation Edition,RTX PRO 6000,0.02,0.027000000000000003,True,0.979,2.1,20.2,0.07400000000000001,0.111,0.185,0.608,0.179,0.14300000000000002,0.321,0.507,730238.0,10.9,0.025,0.38799999999999996,0.161,0.292,archive:bigrun_2026-07
prism_sim3,replica,hotel_0,synthetic_0.5hz_s1,pano,10.0,0.662,3.8,archive_unspecified,1.9002,archive_unspecified,4.479,16.03,10.9,85.2,0.0,3939.9,NVIDIA RTX PRO 6000 Blackwell Workstation Edition,RTX PRO 6000,0.019,0.03,True,0.999,0.1,56.1,0.201,0.285,0.486,0.252,0.507,0.247,0.754,0.22,856253.0,12.8,0.022000000000000002,0.597,0.556,0.142,archive:bigrun_2026-07
prism_sim3,replica,hotel_0,synthetic_5.0hz_s1,pano,97.0,5.808,0.0,unavailable,,unavailable,5.575,13.566,27.8,205.2,0.0,0.0,NVIDIA RTX PRO 6000 Blackwell Workstation Edition,RTX PRO 6000,,,,,,,,,,,,,,,,,,,,,archive:bigrun_2026-07
prism_sim3,replica,hotel_0,synthetic_2.0hz_s0,pano,37.0,2.444,4.047,archive_unspecified,0.8123,archive_unspecified,4.466,13.703,18.5,147.8,0.0,3939.9,NVIDIA RTX PRO 6000 Blackwell Workstation Edition,RTX PRO 6000,0.035,0.048,True,0.949,5.1,1.4,0.046,0.13699999999999998,0.183,0.554,0.048,0.415,0.46299999999999997,0.411,396202.0,5.9,0.022000000000000002,0.122,0.07400000000000001,0.299,archive:bigrun_2026-07
prism_sim3,replica,hotel_0,synthetic_5.0hz_s0,pano,93.0,4.854,0.0,unavailable,,unavailable,6.548,13.944,37.9,252.5,0.0,0.0,NVIDIA RTX PRO 6000 Blackwell Workstation Edition,RTX PRO 6000,,,,,,,,,,,,,,,,,,,,,archive:bigrun_2026-07
prism_sim3,replica,hotel_0,loop_2.0hz_s1,pano,60.0,3.131,8.364,archive_unspecified,1.3595,archive_unspecified,6.048,13.738,31.9,204.4,0.0,3939.9,NVIDIA RTX PRO 6000 Blackwell Workstation Edition,RTX PRO 6000,0.627,0.578,True,1.209,20.9,33.4,0.08900000000000001,0.272,0.36,0.368,0.648,0.187,0.836,0.178,1033983.0,15.5,0.025,0.349,0.271,0.23800000000000002,archive:bigrun_2026-07
prism_sim3,replica,apartment_0,loop_2.0hz_s0,pano,89.0,3.413,14.505,archive_unspecified,1.4837,archive_unspecified,7.96,14.869,39.9,239.1,0.0,3939.9,NVIDIA RTX PRO 6000 Blackwell Workstation Edition,RTX PRO 6000,1.952,1.058,True,0.742,25.8,4.6,0.377,0.6809999999999999,1.058,0.1,0.311,0.988,1.2990000000000002,0.077,1811783.0,27.2,0.022000000000000002,0.841,0.792,0.019,archive:bigrun_2026-07
prism_sim3,replica,apartment_0,stopgo_2.0hz_s1,pano,99.0,3.655,14.892,archive_unspecified,1.3694,archive_unspecified,7.985,15.03,38.9,233.9,0.0,3939.9,NVIDIA RTX PRO 6000 Blackwell Workstation Edition,RTX PRO 6000,0.344,0.257,True,1.035,3.5,7.4,0.11199999999999999,0.368,0.479,0.331,0.5870000000000001,1.105,1.693,0.137,1859232.0,27.9,0.025,0.461,0.27899999999999997,0.098,archive:bigrun_2026-07
prism_sim3,replica,apartment_0,synthetic_2.0hz_s1,pano,79.0,3.011,14.479,archive_unspecified,1.4597,archive_unspecified,8.452,16.532,35.5,211.7,0.0,3939.9,NVIDIA RTX PRO 6000 Blackwell Workstation Edition,RTX PRO 6000,0.319,0.23800000000000002,True,0.964,3.6,2.5,0.13699999999999998,0.284,0.42100000000000004,0.372,0.505,1.042,1.547,0.149,2169831.0,32.5,0.023,0.5329999999999999,0.375,0.075,archive:bigrun_2026-07
prism_sim3,replica,apartment_0,stopgo_2.0hz_s0,pano,90.0,3.46,14.443,archive_unspecified,1.3308,archive_unspecified,8.309,18.901,38.5,240.7,0.0,3939.9,NVIDIA RTX PRO 6000 Blackwell Workstation Edition,RTX PRO 6000,0.835,0.39399999999999996,True,1.004,0.4,2.5,0.096,0.161,0.257,0.475,0.121,0.7,0.82,0.275,1689047.0,25.3,0.022000000000000002,0.307,0.261,0.094,archive:bigrun_2026-07
prism_sim3,replica,apartment_0,synthetic_0.5hz_s0,pano,18.0,1.147,5.162,archive_unspecified,2.5797,archive_unspecified,6.054,19.692,16.4,104.2,0.0,3939.9,NVIDIA RTX PRO 6000 Blackwell Workstation Edition,RTX PRO 6000,0.665,0.45299999999999996,True,0.886,11.4,2.0,0.17,0.196,0.366,0.223,0.163,0.848,1.01,0.137,1388062.0,20.8,0.024,0.521,0.574,0.038,archive:bigrun_2026-07
prism_sim3,replica,apartment_0,synthetic_0.5hz_s1,pano,20.0,1.334,4.452,archive_unspecified,2.2257,archive_unspecified,5.277,17.545,16.3,109.7,0.0,3939.9,NVIDIA RTX PRO 6000 Blackwell Workstation Edition,RTX PRO 6000,0.022000000000000002,0.02,True,1.004,0.4,17.3,0.034,0.122,0.156,0.791,0.049,1.3969999999999998,1.446,0.342,1013367.0,15.2,0.027999999999999997,0.067,0.015,0.213,archive:bigrun_2026-07
prism_sim3,replica,apartment_0,synthetic_5.0hz_s1,pano,196.0,11.715,0.0,unavailable,,unavailable,5.16,13.633,19.4,155.3,0.0,0.0,NVIDIA RTX PRO 6000 Blackwell Workstation Edition,RTX PRO 6000,,,,,,,,,,,,,,,,,,,,,archive:bigrun_2026-07
prism_sim3,replica,apartment_0,synthetic_2.0hz_s0,pano,70.0,3.154,10.792,archive_unspecified,1.457,archive_unspecified,6.897,13.944,32.6,209.3,0.0,3939.9,NVIDIA RTX PRO 6000 Blackwell Workstation Edition,RTX PRO 6000,0.28300000000000003,0.305,True,0.977,2.3,2.4,0.098,0.102,0.2,0.525,0.09300000000000001,0.708,0.8009999999999999,0.345,1496889.0,22.4,0.025,0.37200000000000005,0.23800000000000002,0.1,archive:bigrun_2026-07
prism_sim3,replica,apartment_0,synthetic_5.0hz_s0,pano,173.0,4.583,25.141,archive_unspecified,1.294,archive_unspecified,8.738,14.527,48.3,301.7,0.0,3939.9,NVIDIA RTX PRO 6000 Blackwell Workstation Edition,RTX PRO 6000,0.504,0.37799999999999995,True,1.034,3.4,0.5,0.127,0.18899999999999997,0.316,0.36,0.213,0.7170000000000001,0.93,0.21,1851591.0,27.8,0.024,0.429,0.349,0.064,archive:bigrun_2026-07
prism_sim3,replica,apartment_0,loop_2.0hz_s1,pano,90.0,3.278,15.66,archive_unspecified,1.3804,archive_unspecified,8.197,15.187,39.2,229.3,0.0,3939.9,NVIDIA RTX PRO 6000 Blackwell Workstation Edition,RTX PRO 6000,0.31,0.21899999999999997,True,0.941,5.9,7.2,0.10099999999999999,0.278,0.379,0.392,0.369,0.932,1.3019999999999998,0.171,2083596.0,31.2,0.027000000000000003,0.34600000000000003,0.281,0.078,archive:bigrun_2026-07
prism,replica,office_4,synthetic_2.0hz,pano,50.0,2.05,5.966,archive_unspecified,1.1979,archive_unspecified,65.78,75.811,17.0,120.2,0.0,3939.9,NVIDIA RTX PRO 6000 Blackwell Workstation Edition,RTX PRO 6000,0.017,0.027999999999999997,True,0.998,0.2,7.6,0.023,0.077,0.1,0.83,0.055999999999999994,0.054000000000000006,0.111,0.711,647577.0,9.7,0.023,0.047,0.004,0.495,archive:bigrun_2026-07
prism,replica,office_4,synthetic_0.5hz,pano,13.0,0.875,3.03,archive_unspecified,1.5152,archive_unspecified,65.78,77.436,9.9,59.6,0.0,3939.9,NVIDIA RTX PRO 6000 Blackwell Workstation Edition,RTX PRO 6000,0.006999999999999999,0.009000000000000001,True,1.002,0.2,4.0,0.019,0.022000000000000002,0.04,0.958,0.019,0.038,0.057999999999999996,0.89,547120.0,8.2,0.021,0.039,0.002,0.664,archive:bigrun_2026-07
prism,replica,office_4,synthetic_5.0hz,pano,125.0,4.505,15.367,archive_unspecified,1.2624,archive_unspecified,68.729,75.74,39.5,284.2,0.0,3939.9,NVIDIA RTX PRO 6000 Blackwell Workstation Edition,RTX PRO 6000,0.059000000000000004,0.044000000000000004,True,0.982,1.8,11.4,0.031,0.135,0.166,0.715,0.063,0.062,0.124,0.637,657041.0,9.9,0.022000000000000002,0.063,0.017,0.319,archive:bigrun_2026-07
prism,replica,frl_apartment_0,loop_2.0hz_s0,pano,106.0,3.905,15.964,archive_unspecified,1.2807,archive_unspecified,7.965,14.39,42.2,258.9,0.0,3939.9,NVIDIA RTX PRO 6000 Blackwell Workstation Edition,RTX PRO 6000,0.5379999999999999,0.441,True,0.927,7.3,23.6,0.122,0.11,0.231,0.426,0.2,0.12,0.32,0.373,1592557.0,23.9,0.026000000000000002,0.366,0.38,0.12300000000000001,archive:bigrun_2026-07
prism,replica,frl_apartment_0,stopgo_2.0hz_s1,pano,77.0,3.397,11.524,archive_unspecified,1.2981,archive_unspecified,6.795,13.944,38.2,240.0,0.0,3939.9,NVIDIA RTX PRO 6000 Blackwell Workstation Edition,RTX PRO 6000,0.040999999999999995,0.027999999999999997,True,0.982,1.8,21.3,0.039,0.179,0.217,0.639,0.069,0.217,0.28600000000000003,0.501,1124055.0,16.9,0.027000000000000003,0.09300000000000001,0.044000000000000004,0.264,archive:bigrun_2026-07
prism,replica,frl_apartment_0,synthetic_2.0hz_s1,pano,57.0,2.978,8.207,archive_unspecified,1.3473,archive_unspecified,6.056,13.944,29.6,189.8,0.0,3939.9,NVIDIA RTX PRO 6000 Blackwell Workstation Edition,RTX PRO 6000,0.03,0.026000000000000002,True,0.988,1.2,18.2,0.034,0.21100000000000002,0.245,0.643,0.066,0.257,0.32299999999999995,0.517,981810.0,14.7,0.028999999999999998,0.077,0.03,0.298,archive:bigrun_2026-07
prism,replica,frl_apartment_0,stopgo_2.0hz_s0,pano,100.0,3.812,14.93,archive_unspecified,1.3164,archive_unspecified,7.496,13.944,40.3,274.7,0.0,3939.9,NVIDIA RTX PRO 6000 Blackwell Workstation Edition,RTX PRO 6000,0.071,0.069,True,0.963,3.7,17.1,0.035,0.05,0.085,0.777,0.055999999999999994,0.081,0.13699999999999998,0.646,1359989.0,20.4,0.027999999999999997,0.092,0.039,0.308,archive:bigrun_2026-07
prism,replica,frl_apartment_0,synthetic_0.5hz_s0,pano,20.0,1.367,4.159,archive_unspecified,2.0796,archive_unspecified,5.224,18.283,15.3,106.2,0.0,3939.9,NVIDIA RTX PRO 6000 Blackwell Workstation Edition,RTX PRO 6000,0.013000000000000001,0.013000000000000001,True,0.989,1.1,16.8,0.026000000000000002,0.184,0.21,0.752,0.035,0.18600000000000003,0.222,0.649,851049.0,12.8,0.027000000000000003,0.057,0.01,0.42,archive:bigrun_2026-07
prism,replica,frl_apartment_0,synthetic_0.5hz_s1,pano,15.0,1.022,4.126,archive_unspecified,2.0628,archive_unspecified,5.112,18.1,15.0,111.7,0.0,3939.9,NVIDIA RTX PRO 6000 Blackwell Workstation Edition,RTX PRO 6000,0.013000000000000001,0.01,True,0.99,1.0,19.5,0.028999999999999998,0.106,0.135,0.76,0.045,0.184,0.22899999999999998,0.627,882301.0,13.2,0.023,0.06,0.015,0.371,archive:bigrun_2026-07
prism,replica,frl_apartment_0,synthetic_5.0hz_s1,pano,141.0,4.749,18.172,archive_unspecified,1.3007,archive_unspecified,7.674,13.944,46.8,301.3,0.0,3939.9,NVIDIA RTX PRO 6000 Blackwell Workstation Edition,RTX PRO 6000,0.040999999999999995,0.04,True,0.991,0.9,18.9,0.035,0.20600000000000002,0.24100000000000002,0.634,0.07200000000000001,0.23,0.302,0.506,999165.0,15.0,0.027999999999999997,0.079,0.026000000000000002,0.281,archive:bigrun_2026-07
prism,replica,frl_apartment_0,synthetic_2.0hz_s0,pano,80.0,3.379,11.427,archive_unspecified,1.2823,archive_unspecified,6.563,13.772,35.9,229.4,0.0,3939.9,NVIDIA RTX PRO 6000 Blackwell Workstation Edition,RTX PRO 6000,0.21899999999999997,0.23199999999999998,True,0.965,3.5,16.1,0.040999999999999995,0.065,0.106,0.726,0.061,0.08199999999999999,0.14300000000000002,0.629,1158370.0,17.4,0.024,0.10099999999999999,0.052000000000000005,0.281,archive:bigrun_2026-07
prism,replica,frl_apartment_0,synthetic_5.0hz_s0,pano,198.0,5.27,25.839,archive_unspecified,1.2983,archive_unspecified,8.513,13.944,52.8,344.8,0.0,3939.9,NVIDIA RTX PRO 6000 Blackwell Workstation Edition,RTX PRO 6000,0.192,0.292,True,0.94,6.0,19.1,0.05,0.077,0.126,0.655,0.079,0.08800000000000001,0.16699999999999998,0.549,1317008.0,19.8,0.023,0.131,0.10400000000000001,0.245,archive:bigrun_2026-07
prism,replica,frl_apartment_0,loop_2.0hz_s1,pano,74.0,3.464,10.102,archive_unspecified,1.3346,archive_unspecified,6.541,13.944,36.6,216.6,0.0,3939.9,NVIDIA RTX PRO 6000 Blackwell Workstation Edition,RTX PRO 6000,0.042,0.028999999999999998,True,0.977,2.3,22.9,0.035,0.138,0.17300000000000001,0.67,0.064,0.17600000000000002,0.24100000000000002,0.54,1119230.0,16.8,0.028999999999999998,0.079,0.024,0.278,archive:bigrun_2026-07
prism,replica,apartment_1,loop_2.0hz_s0,pano,84.0,5.519,0.0,unavailable,,unavailable,5.215,14.38,23.0,168.3,0.0,0.0,NVIDIA RTX PRO 6000 Blackwell Workstation Edition,RTX PRO 6000,,,,,,,,,,,,,,,,,,,,,archive:bigrun_2026-07
prism,replica,apartment_1,stopgo_2.0hz_s1,pano,90.0,3.38,15.054,archive_unspecified,1.3885,archive_unspecified,8.148,15.351,37.4,238.3,0.0,3939.9,NVIDIA RTX PRO 6000 Blackwell Workstation Edition,RTX PRO 6000,1.9809999999999999,1.609,True,0.463,53.7,41.2,0.405,1.085,1.49,0.065,0.37200000000000005,1.54,1.912,0.052,1849756.0,27.8,0.025,0.8290000000000001,0.851,0.024,archive:bigrun_2026-07
prism,replica,apartment_1,synthetic_2.0hz_s1,pano,70.0,2.7,14.321,archive_unspecified,2.2143,archive_unspecified,8.987,17.572,33.6,188.1,0.0,3939.9,NVIDIA RTX PRO 6000 Blackwell Workstation Edition,RTX PRO 6000,1.7169999999999999,1.597,True,0.481,51.9,49.1,0.32299999999999995,0.8859999999999999,1.208,0.167,0.32799999999999996,1.4880000000000002,1.815,0.1,2697005.0,40.5,0.026000000000000002,0.789,0.696,0.066,archive:bigrun_2026-07
prism,replica,apartment_1,stopgo_2.0hz_s0,pano,67.0,4.054,0.0,unavailable,,unavailable,5.62,14.422,31.1,206.9,0.0,0.0,NVIDIA RTX PRO 6000 Blackwell Workstation Edition,RTX PRO 6000,,,,,,,,,,,,,,,,,,,,,archive:bigrun_2026-07
prism,replica,apartment_1,synthetic_0.5hz_s0,pano,12.0,0.842,3.556,archive_unspecified,1.778,archive_unspecified,4.427,15.756,12.1,89.2,0.0,3939.9,NVIDIA RTX PRO 6000 Blackwell Workstation Edition,RTX PRO 6000,1.986,1.5030000000000001,True,0.738,26.2,12.4,0.354,1.0,1.354,0.081,0.35700000000000004,1.5119999999999998,1.868,0.058,794449.0,11.9,0.021,0.8320000000000001,0.7909999999999999,0.038,archive:bigrun_2026-07
prism,replica,apartment_1,synthetic_0.5hz_s1,pano,18.0,1.198,4.433,archive_unspecified,2.2162,archive_unspecified,5.271,17.41,17.8,117.4,0.0,3939.9,NVIDIA RTX PRO 6000 Blackwell Workstation Edition,RTX PRO 6000,1.845,1.41,True,0.65,35.0,4.1,0.34299999999999997,1.188,1.531,0.127,0.309,1.495,1.804,0.118,917360.0,13.8,0.021,0.804,0.743,0.08800000000000001,archive:bigrun_2026-07
prism,replica,apartment_1,synthetic_5.0hz_s1,pano,175.0,4.49,27.603,archive_unspecified,1.3014,archive_unspecified,9.97,16.313,50.8,303.2,0.0,3939.9,NVIDIA RTX PRO 6000 Blackwell Workstation Edition,RTX PRO 6000,2.125,1.78,True,0.547,45.3,39.0,0.33299999999999996,0.8909999999999999,1.224,0.129,0.436,1.261,1.6969999999999998,0.096,2389014.0,35.8,0.026000000000000002,0.792,0.762,0.040999999999999995,archive:bigrun_2026-07
prism,replica,apartment_1,synthetic_2.0hz_s0,pano,47.0,2.956,0.0,unavailable,,unavailable,4.788,14.313,22.4,157.2,0.0,0.0,NVIDIA RTX PRO 6000 Blackwell Workstation Edition,RTX PRO 6000,,,,,,,,,,,,,,,,,,,,,archive:bigrun_2026-07
prism,replica,apartment_1,synthetic_5.0hz_s0,pano,116.0,7.026,0.0,unavailable,,unavailable,5.595,13.944,30.0,200.6,0.0,0.0,NVIDIA RTX PRO 6000 Blackwell Workstation Edition,RTX PRO 6000,,,,,,,,,,,,,,,,,,,,,archive:bigrun_2026-07
prism,replica,apartment_1,loop_2.0hz_s1,pano,96.0,3.118,19.627,archive_unspecified,1.3989,archive_unspecified,10.473,18.874,38.8,223.8,0.0,3939.9,NVIDIA RTX PRO 6000 Blackwell Workstation Edition,RTX PRO 6000,2.352,1.617,True,0.506,49.4,44.0,0.321,0.765,1.0859999999999999,0.162,0.35700000000000004,1.472,1.829,0.107,2993085.0,44.9,0.028999999999999998,0.785,0.706,0.062,archive:bigrun_2026-07
prism,replica,hotel_0,loop_2.0hz_s0,pano,44.0,2.946,0.0,unavailable,,unavailable,5.087,13.703,23.7,178.4,0.0,0.0,NVIDIA RTX PRO 6000 Blackwell Workstation Edition,RTX PRO 6000,,,,,,,,,,,,,,,,,,,,,archive:bigrun_2026-07
prism,replica,hotel_0,stopgo_2.0hz_s1,pano,59.0,3.85,0.0,unavailable,,unavailable,4.954,13.872,21.3,179.0,0.0,0.0,NVIDIA RTX PRO 6000 Blackwell Workstation Edition,RTX PRO 6000,,,,,,,,,,,,,,,,,,,,,archive:bigrun_2026-07
prism,replica,hotel_0,synthetic_2.0hz_s1,pano,39.0,2.43,5.297,archive_unspecified,1.4568,archive_unspecified,4.97,13.944,19.1,140.6,0.0,3939.9,NVIDIA RTX PRO 6000 Blackwell Workstation Edition,RTX PRO 6000,0.556,0.42200000000000004,True,0.904,9.6,25.3,0.203,0.904,1.107,0.217,0.44799999999999995,0.821,1.27,0.177,851453.0,12.8,0.021,0.59,0.601,0.10400000000000001,archive:bigrun_2026-07
prism,replica,hotel_0,stopgo_2.0hz_s0,pano,57.0,3.556,0.0,unavailable,,unavailable,5.594,13.703,30.6,212.3,0.0,0.0,NVIDIA RTX PRO 6000 Blackwell Workstation Edition,RTX PRO 6000,,,,,,,,,,,,,,,,,,,,,archive:bigrun_2026-07
prism,replica,hotel_0,synthetic_0.5hz_s0,pano,10.0,0.72,3.346,archive_unspecified,1.6729,archive_unspecified,4.233,14.915,13.5,86.9,0.0,3939.9,NVIDIA RTX PRO 6000 Blackwell Workstation Edition,RTX PRO 6000,0.02,0.027000000000000003,True,0.979,2.1,20.2,0.07400000000000001,0.111,0.185,0.608,0.17800000000000002,0.14300000000000002,0.321,0.507,730285.0,10.9,0.023,0.38799999999999996,0.161,0.295,archive:bigrun_2026-07
prism,replica,hotel_0,synthetic_0.5hz_s1,pano,10.0,0.698,3.689,archive_unspecified,1.8444,archive_unspecified,4.577,16.03,12.8,95.0,0.0,3939.9,NVIDIA RTX PRO 6000 Blackwell Workstation Edition,RTX PRO 6000,0.019,0.03,True,0.999,0.1,56.2,0.201,0.285,0.486,0.251,0.507,0.247,0.754,0.22,856691.0,12.8,0.022000000000000002,0.597,0.555,0.14,archive:bigrun_2026-07
prism,replica,hotel_0,synthetic_5.0hz_s1,pano,97.0,5.823,0.0,unavailable,,unavailable,5.481,13.703,28.8,202.3,0.0,0.0,NVIDIA RTX PRO 6000 Blackwell Workstation Edition,RTX PRO 6000,,,,,,,,,,,,,,,,,,,,,archive:bigrun_2026-07
prism,replica,hotel_0,synthetic_2.0hz_s0,pano,37.0,2.462,4.009,archive_unspecified,0.8323,archive_unspecified,4.424,13.535,16.6,140.5,0.0,3939.9,NVIDIA RTX PRO 6000 Blackwell Workstation Edition,RTX PRO 6000,0.008,0.026000000000000002,True,0.992,0.8,0.2,0.024,0.11199999999999999,0.136,0.801,0.027999999999999997,0.358,0.386,0.606,351138.0,5.3,0.022000000000000002,0.063,0.023,0.563,archive:bigrun_2026-07
prism,replica,hotel_0,synthetic_5.0hz_s0,pano,93.0,4.885,0.0,unavailable,,unavailable,6.319,13.805,39.1,250.3,0.0,0.0,NVIDIA RTX PRO 6000 Blackwell Workstation Edition,RTX PRO 6000,,,,,,,,,,,,,,,,,,,,,archive:bigrun_2026-07
prism,replica,hotel_0,loop_2.0hz_s1,pano,60.0,2.234,15.49,archive_unspecified,2.9851,archive_unspecified,13.652,29.781,34.1,179.2,0.0,3939.9,NVIDIA RTX PRO 6000 Blackwell Workstation Edition,RTX PRO 6000,1.72,1.079,True,0.002,99.8,264.7,0.19,3.042,3.2319999999999998,0.0,0.19,3.057,3.247,0.0,3071507.0,46.1,0.018000000000000002,0.2,1.0,0.0,archive:bigrun_2026-07
prism,replica,apartment_0,loop_2.0hz_s0,pano,89.0,3.277,14.979,archive_unspecified,1.4172,archive_unspecified,7.781,14.734,35.7,206.6,0.0,3939.9,NVIDIA RTX PRO 6000 Blackwell Workstation Edition,RTX PRO 6000,1.729,1.3559999999999999,True,0.766,23.4,5.5,0.361,0.578,0.9390000000000001,0.135,0.319,0.96,1.2790000000000001,0.095,1807416.0,27.1,0.023,0.825,0.754,0.027000000000000003,archive:bigrun_2026-07
prism,replica,apartment_0,stopgo_2.0hz_s1,pano,99.0,3.497,16.118,archive_unspecified,1.4103,archive_unspecified,8.482,15.638,39.2,230.8,0.0,3939.9,NVIDIA RTX PRO 6000 Blackwell Workstation Edition,RTX PRO 6000,0.259,0.28800000000000003,True,1.003,0.3,4.0,0.263,0.469,0.731,0.146,0.7659999999999999,1.245,2.011,0.073,2172279.0,32.6,0.026000000000000002,0.665,0.716,0.031,archive:bigrun_2026-07
prism,replica,apartment_0,synthetic_2.0hz_s1,pano,79.0,3.003,14.248,archive_unspecified,1.4835,archive_unspecified,8.23,15.823,33.6,192.2,0.0,3939.9,NVIDIA RTX PRO 6000 Blackwell Workstation Edition,RTX PRO 6000,0.26,0.23600000000000002,True,0.953,4.7,4.1,0.275,0.479,0.754,0.152,0.6609999999999999,1.126,1.788,0.074,2109746.0,31.6,0.023,0.7020000000000001,0.6940000000000001,0.037000000000000005,archive:bigrun_2026-07
prism,replica,apartment_0,stopgo_2.0hz_s0,pano,90.0,3.484,14.408,archive_unspecified,1.3502,archive_unspecified,7.532,13.944,40.5,253.0,0.0,3939.9,NVIDIA RTX PRO 6000 Blackwell Workstation Edition,RTX PRO 6000,0.245,0.27899999999999997,True,0.991,0.9,0.3,0.09300000000000001,0.08199999999999999,0.175,0.523,0.098,0.71,0.8079999999999999,0.35,1674573.0,25.1,0.022000000000000002,0.379,0.262,0.096,archive:bigrun_2026-07
prism,replica,apartment_0,synthetic_0.5hz_s0,pano,18.0,1.136,5.173,archive_unspecified,2.585,archive_unspecified,5.987,19.692,15.1,78.9,0.0,3939.9,NVIDIA RTX PRO 6000 Blackwell Workstation Edition,RTX PRO 6000,0.665,0.45299999999999996,True,0.886,11.4,2.1,0.171,0.19699999999999998,0.368,0.22,0.163,0.847,1.01,0.137,1383716.0,20.8,0.02,0.524,0.574,0.037000000000000005,archive:bigrun_2026-07
prism,replica,apartment_0,synthetic_0.5hz_s1,pano,20.0,1.304,4.503,archive_unspecified,2.2513,archive_unspecified,5.267,17.545,17.8,126.1,0.0,3939.9,NVIDIA RTX PRO 6000 Blackwell Workstation Edition,RTX PRO 6000,0.022000000000000002,0.02,True,1.004,0.4,17.3,0.034,0.12,0.154,0.789,0.049,1.4,1.449,0.341,1010537.0,15.2,0.03,0.067,0.016,0.213,archive:bigrun_2026-07
prism,replica,apartment_0,synthetic_2.0hz,pano,70.0,3.104,10.863,archive_unspecified,1.4583,archive_unspecified,68.566,75.811,33.5,207.4,0.0,3939.9,NVIDIA RTX PRO 6000 Blackwell Workstation Edition,RTX PRO 6000,0.28300000000000003,0.305,True,0.977,2.3,2.4,0.098,0.102,0.2,0.524,0.09300000000000001,0.711,0.804,0.345,1493304.0,22.4,0.024,0.37200000000000005,0.237,0.099,archive:bigrun_2026-07
prism,replica,apartment_0,synthetic_0.5hz,pano,18.0,1.105,5.25,archive_unspecified,2.6227,archive_unspecified,67.814,81.559,17.1,105.0,0.0,3939.9,NVIDIA RTX PRO 6000 Blackwell Workstation Edition,RTX PRO 6000,0.665,0.45299999999999996,True,0.886,11.4,2.1,0.17,0.19699999999999998,0.36700000000000005,0.223,0.163,0.8490000000000001,1.012,0.138,1389184.0,20.8,0.021,0.522,0.574,0.039,archive:bigrun_2026-07
prism,replica,apartment_0,synthetic_5.0hz,pano,173.0,4.534,25.636,archive_unspecified,1.2868,archive_unspecified,70.694,76.394,47.8,307.6,0.0,3939.9,NVIDIA RTX PRO 6000 Blackwell Workstation Edition,RTX PRO 6000,0.503,0.37799999999999995,True,1.034,3.4,0.6,0.127,0.188,0.315,0.358,0.214,0.722,0.9359999999999999,0.209,1845611.0,27.7,0.024,0.42700000000000005,0.348,0.065,archive:bigrun_2026-07
prism,replica,apartment_0,synthetic_5.0hz_s1,pano,196.0,5.146,25.685,archive_unspecified,1.2908,archive_unspecified,8.268,13.633,51.8,328.0,0.0,3939.9,NVIDIA RTX PRO 6000 Blackwell Workstation Edition,RTX PRO 6000,0.40399999999999997,0.258,True,1.003,0.3,10.6,0.065,0.1,0.165,0.656,0.12300000000000001,1.344,1.4669999999999999,0.305,1282390.0,19.2,0.026000000000000002,0.21100000000000002,0.087,0.134,archive:bigrun_2026-07
prism,replica,apartment_0,synthetic_2.0hz_s0,pano,70.0,2.873,11.331,archive_unspecified,1.37,archive_unspecified,6.487,13.944,31.5,170.4,0.0,3939.9,NVIDIA RTX PRO 6000 Blackwell Workstation Edition,RTX PRO 6000,0.29,0.33299999999999996,True,0.999,0.1,0.9,0.067,0.086,0.153,0.521,0.078,0.708,0.7859999999999999,0.337,1371046.0,20.6,0.021,0.187,0.214,0.092,archive:bigrun_2026-07
prism,replica,apartment_0,synthetic_5.0hz_s0,pano,173.0,4.676,25.151,archive_unspecified,1.2828,archive_unspecified,9.033,15.059,50.2,303.9,0.0,3939.9,NVIDIA RTX PRO 6000 Blackwell Workstation Edition,RTX PRO 6000,0.598,0.47600000000000003,True,0.969,3.1,1.7,0.141,0.17600000000000002,0.317,0.367,0.183,0.772,0.956,0.219,1647176.0,24.7,0.023,0.514,0.385,0.069,archive:bigrun_2026-07
prism,replica,apartment_0,loop_2.0hz_s1,pano,90.0,3.299,16.318,archive_unspecified,1.4065,archive_unspecified,9.092,16.725,40.6,235.3,0.0,3939.9,NVIDIA RTX PRO 6000 Blackwell Workstation Edition,RTX PRO 6000,0.24600000000000002,0.205,True,0.939,6.1,10.8,0.28600000000000003,0.5429999999999999,0.8290000000000001,0.142,0.6579999999999999,0.965,1.6230000000000002,0.068,2280631.0,34.2,0.024,0.7040000000000001,0.718,0.036000000000000004,archive:bigrun_2026-07
prism_nostill,replica,office_4,synthetic_2.0hz,pano,50.0,2.869,5.945,archive_unspecified,1.2031,archive_unspecified,5.115,13.944,29.1,171.8,0.0,3939.9,NVIDIA RTX PRO 6000 Blackwell Workstation Edition,RTX PRO 6000,0.018000000000000002,0.027999999999999997,True,0.998,0.2,7.6,0.023,0.076,0.099,0.831,0.057,0.054000000000000006,0.111,0.71,648498.0,9.7,0.023,0.047,0.004,0.49700000000000005,archive:bigrun_2026-07
prism_nostill,replica,office_4,synthetic_0.5hz,pano,13.0,0.903,3.078,archive_unspecified,1.5391,archive_unspecified,4.024,15.569,9.2,93.7,0.0,3939.9,NVIDIA RTX PRO 6000 Blackwell Workstation Edition,RTX PRO 6000,0.006999999999999999,0.009000000000000001,True,1.001,0.1,4.3,0.019,0.022000000000000002,0.04,0.958,0.019,0.039,0.057999999999999996,0.89,547419.0,8.2,0.022000000000000002,0.039,0.002,0.6629999999999999,archive:bigrun_2026-07
prism_nostill,replica,office_4,synthetic_5.0hz,pano,125.0,4.486,15.551,archive_unspecified,1.2895,archive_unspecified,6.936,13.772,42.9,289.1,0.0,3939.9,NVIDIA RTX PRO 6000 Blackwell Workstation Edition,RTX PRO 6000,0.059000000000000004,0.043,True,0.982,1.8,12.1,0.031,0.135,0.166,0.716,0.063,0.062,0.124,0.638,656400.0,9.8,0.022000000000000002,0.063,0.018000000000000002,0.325,archive:bigrun_2026-07
prism_nostill,replica,frl_apartment_0,loop_2.0hz_s0,pano,106.0,3.901,15.752,archive_unspecified,1.3046,archive_unspecified,7.857,14.39,42.8,269.3,0.0,3939.9,NVIDIA RTX PRO 6000 Blackwell Workstation Edition,RTX PRO 6000,0.5379999999999999,0.441,True,0.927,7.3,23.5,0.122,0.111,0.23199999999999998,0.423,0.2,0.121,0.32,0.371,1592801.0,23.9,0.027000000000000003,0.366,0.38,0.11900000000000001,archive:bigrun_2026-07
prism_nostill,replica,frl_apartment_0,stopgo_2.0hz_s1,pano,77.0,3.452,11.501,archive_unspecified,1.3081,archive_unspecified,6.861,13.944,39.5,245.8,0.0,3939.9,NVIDIA RTX PRO 6000 Blackwell Workstation Edition,RTX PRO 6000,0.040999999999999995,0.027999999999999997,True,0.982,1.8,21.4,0.039,0.179,0.218,0.64,0.069,0.22,0.29,0.5,1117398.0,16.8,0.028999999999999998,0.09300000000000001,0.043,0.266,archive:bigrun_2026-07
prism_nostill,replica,frl_apartment_0,stopgo_2.0hz_s0,pano,100.0,3.819,14.915,archive_unspecified,1.3156,archive_unspecified,7.467,13.906,42.4,277.8,0.0,3939.9,NVIDIA RTX PRO 6000 Blackwell Workstation Edition,RTX PRO 6000,0.071,0.069,True,0.963,3.7,17.0,0.035,0.05,0.085,0.777,0.055999999999999994,0.081,0.13699999999999998,0.645,1360272.0,20.4,0.027999999999999997,0.092,0.039,0.308,archive:bigrun_2026-07
prism_nostill,replica,frl_apartment_0,loop_2.0hz_s1,pano,74.0,3.481,10.112,archive_unspecified,1.3386,archive_unspecified,6.534,13.839,34.3,219.6,0.0,3939.9,NVIDIA RTX PRO 6000 Blackwell Workstation Edition,RTX PRO 6000,0.042,0.028999999999999998,True,0.978,2.2,22.9,0.035,0.139,0.174,0.669,0.065,0.17600000000000002,0.24,0.539,1113365.0,16.7,0.03,0.079,0.024,0.27699999999999997,archive:bigrun_2026-07
prism_nostill,replica,apartment_1,loop_2.0hz_s0,pano,84.0,5.562,0.0,unavailable,,unavailable,5.298,14.422,23.1,179.2,0.0,0.0,NVIDIA RTX PRO 6000 Blackwell Workstation Edition,RTX PRO 6000,,,,,,,,,,,,,,,,,,,,,archive:bigrun_2026-07
prism_nostill,replica,apartment_1,stopgo_2.0hz_s1,pano,90.0,3.424,14.956,archive_unspecified,1.3721,archive_unspecified,8.942,18.968,40.5,245.0,0.0,3939.9,NVIDIA RTX PRO 6000 Blackwell Workstation Edition,RTX PRO 6000,1.9809999999999999,1.609,True,0.464,53.6,41.5,0.406,1.089,1.495,0.065,0.373,1.54,1.913,0.052,1846054.0,27.7,0.026000000000000002,0.83,0.851,0.024,archive:bigrun_2026-07
prism_nostill,replica,apartment_1,stopgo_2.0hz_s0,pano,67.0,3.939,0.0,unavailable,,unavailable,5.479,14.422,31.1,203.2,0.0,0.0,NVIDIA RTX PRO 6000 Blackwell Workstation Edition,RTX PRO 6000,,,,,,,,,,,,,,,,,,,,,archive:bigrun_2026-07
prism_nostill,replica,apartment_1,loop_2.0hz_s1,pano,96.0,3.118,18.968,archive_unspecified,1.4062,archive_unspecified,10.156,18.908,39.6,221.4,0.0,3939.9,NVIDIA RTX PRO 6000 Blackwell Workstation Edition,RTX PRO 6000,2.352,1.618,True,0.505,49.5,44.2,0.32,0.767,1.087,0.161,0.355,1.4769999999999999,1.8330000000000002,0.107,3010047.0,45.1,0.03,0.784,0.706,0.062,archive:bigrun_2026-07
prism_nostill,replica,hotel_0,loop_2.0hz_s0,pano,44.0,3.017,0.0,unavailable,,unavailable,5.092,13.633,22.4,187.5,0.0,0.0,NVIDIA RTX PRO 6000 Blackwell Workstation Edition,RTX PRO 6000,,,,,,,,,,,,,,,,,,,,,archive:bigrun_2026-07
prism_nostill,replica,hotel_0,stopgo_2.0hz_s1,pano,59.0,3.641,0.0,unavailable,,unavailable,4.644,13.906,21.9,167.2,0.0,0.0,NVIDIA RTX PRO 6000 Blackwell Workstation Edition,RTX PRO 6000,,,,,,,,,,,,,,,,,,,,,archive:bigrun_2026-07
prism_nostill,replica,hotel_0,stopgo_2.0hz_s0,pano,57.0,3.548,0.0,unavailable,,unavailable,5.535,13.602,30.5,214.3,0.0,0.0,NVIDIA RTX PRO 6000 Blackwell Workstation Edition,RTX PRO 6000,,,,,,,,,,,,,,,,,,,,,archive:bigrun_2026-07
prism_nostill,replica,hotel_0,loop_2.0hz_s1,pano,60.0,2.206,15.435,archive_unspecified,2.9576,archive_unspecified,13.08,29.781,32.4,180.2,0.0,3939.9,NVIDIA RTX PRO 6000 Blackwell Workstation Edition,RTX PRO 6000,1.72,1.079,True,0.002,99.8,264.7,0.191,3.0380000000000003,3.2289999999999996,0.0,0.191,3.051,3.241,0.0,3073182.0,46.1,0.022000000000000002,0.201,1.0,0.0,archive:bigrun_2026-07
prism_nostill,replica,apartment_0,loop_2.0hz_s0,pano,89.0,3.506,14.546,archive_unspecified,1.4533,archive_unspecified,8.004,14.701,37.8,257.0,0.0,3939.9,NVIDIA RTX PRO 6000 Blackwell Workstation Edition,RTX PRO 6000,1.729,1.3559999999999999,True,0.766,23.4,5.7,0.361,0.5820000000000001,0.943,0.134,0.319,0.9620000000000001,1.281,0.094,1802353.0,27.0,0.022000000000000002,0.826,0.755,0.027000000000000003,archive:bigrun_2026-07
prism_nostill,replica,apartment_0,stopgo_2.0hz_s1,pano,99.0,3.583,16.121,archive_unspecified,1.4173,archive_unspecified,8.582,15.638,38.2,245.4,0.0,3939.9,NVIDIA RTX PRO 6000 Blackwell Workstation Edition,RTX PRO 6000,0.259,0.28800000000000003,True,1.003,0.3,4.1,0.264,0.47,0.7340000000000001,0.146,0.767,1.242,2.008,0.073,2172553.0,32.6,0.024,0.667,0.718,0.03,archive:bigrun_2026-07
prism_nostill,replica,apartment_0,stopgo_2.0hz_s0,pano,90.0,3.462,14.393,archive_unspecified,1.3469,archive_unspecified,7.479,13.944,39.8,252.5,0.0,3939.9,NVIDIA RTX PRO 6000 Blackwell Workstation Edition,RTX PRO 6000,0.245,0.27899999999999997,True,0.991,0.9,0.4,0.092,0.08,0.17300000000000001,0.525,0.098,0.71,0.807,0.352,1691020.0,25.4,0.022000000000000002,0.37200000000000005,0.26,0.09699999999999999,archive:bigrun_2026-07
prism_nostill,replica,apartment_0,synthetic_2.0hz,pano,70.0,3.228,10.771,archive_unspecified,1.4326,archive_unspecified,7.006,13.944,32.7,215.5,0.0,3939.9,NVIDIA RTX PRO 6000 Blackwell Workstation Edition,RTX PRO 6000,0.28300000000000003,0.305,True,0.977,2.3,2.5,0.098,0.10099999999999999,0.19899999999999998,0.527,0.092,0.71,0.802,0.346,1493421.0,22.4,0.024,0.371,0.237,0.1,archive:bigrun_2026-07
prism_nostill,replica,apartment_0,synthetic_0.5hz,pano,18.0,1.094,5.239,archive_unspecified,2.6183,archive_unspecified,5.907,19.692,13.7,111.3,0.0,3939.9,NVIDIA RTX PRO 6000 Blackwell Workstation Edition,RTX PRO 6000,0.665,0.45299999999999996,True,0.886,11.4,2.1,0.17,0.19699999999999998,0.36700000000000005,0.221,0.163,0.848,1.011,0.136,1386487.0,20.8,0.024,0.521,0.574,0.037000000000000005,archive:bigrun_2026-07
prism_nostill,replica,apartment_0,synthetic_5.0hz,pano,173.0,4.081,29.152,archive_unspecified,1.2988,archive_unspecified,9.106,14.527,45.0,278.4,0.0,3939.9,NVIDIA RTX PRO 6000 Blackwell Workstation Edition,RTX PRO 6000,0.504,0.37799999999999995,True,1.034,3.4,0.6,0.127,0.19,0.317,0.362,0.212,0.718,0.93,0.211,1849178.0,27.7,0.025,0.428,0.348,0.066,archive:bigrun_2026-07
prism_nostill,replica,apartment_0,loop_2.0hz_s1,pano,90.0,3.206,16.37,archive_unspecified,1.4118,archive_unspecified,8.887,16.725,39.6,232.9,0.0,3939.9,NVIDIA RTX PRO 6000 Blackwell Workstation Edition,RTX PRO 6000,0.24600000000000002,0.205,True,0.938,6.2,10.8,0.285,0.542,0.8270000000000001,0.142,0.657,0.965,1.6219999999999999,0.068,2280499.0,34.2,0.024,0.701,0.7170000000000001,0.035,archive:bigrun_2026-07
prism_nolock,replica,office_4,synthetic_2.0hz,pano,50.0,2.78,6.112,archive_unspecified,1.315,archive_unspecified,5.01,13.738,18.8,163.3,0.0,3939.9,NVIDIA RTX PRO 6000 Blackwell Workstation Edition,RTX PRO 6000,0.017,0.027999999999999997,True,0.998,0.2,7.7,0.023,0.075,0.098,0.829,0.055999999999999994,0.054000000000000006,0.11,0.707,649959.0,9.8,0.023,0.047,0.005,0.496,archive:bigrun_2026-07
prism_nolock,replica,office_4,synthetic_0.5hz,pano,13.0,0.883,3.019,archive_unspecified,1.5095,archive_unspecified,3.924,15.569,15.4,62.4,0.0,3939.9,NVIDIA RTX PRO 6000 Blackwell Workstation Edition,RTX PRO 6000,0.006999999999999999,0.009000000000000001,True,1.002,0.2,4.1,0.019,0.022000000000000002,0.04,0.958,0.019,0.039,0.057999999999999996,0.889,547936.0,8.2,0.023,0.039,0.002,0.664,archive:bigrun_2026-07
prism_nolock,replica,office_4,synthetic_5.0hz,pano,125.0,4.656,15.885,archive_unspecified,1.2863,archive_unspecified,7.271,13.872,44.3,294.3,0.0,3939.9,NVIDIA RTX PRO 6000 Blackwell Workstation Edition,RTX PRO 6000,0.032,0.031,True,0.991,0.9,9.8,0.027999999999999997,0.049,0.077,0.855,0.037000000000000005,0.047,0.084,0.776,601999.0,9.0,0.021,0.057,0.004,0.371,archive:bigrun_2026-07
prism_nolock,replica,frl_apartment_0,loop_2.0hz_s0,pano,106.0,3.95,15.708,archive_unspecified,1.3043,archive_unspecified,7.857,14.357,38.9,272.2,0.0,3939.9,NVIDIA RTX PRO 6000 Blackwell Workstation Edition,RTX PRO 6000,0.5379999999999999,0.44,True,0.927,7.3,23.6,0.121,0.11,0.23199999999999998,0.418,0.19699999999999998,0.121,0.318,0.369,1581117.0,23.7,0.027000000000000003,0.374,0.377,0.121,archive:bigrun_2026-07
prism_nolock,replica,frl_apartment_0,stopgo_2.0hz_s1,pano,77.0,3.452,11.443,archive_unspecified,1.303,archive_unspecified,6.834,13.944,35.4,241.0,0.0,3939.9,NVIDIA RTX PRO 6000 Blackwell Workstation Edition,RTX PRO 6000,0.040999999999999995,0.027000000000000003,True,0.983,1.7,21.3,0.038,0.18,0.218,0.646,0.069,0.218,0.28800000000000003,0.506,1109859.0,16.6,0.027999999999999997,0.092,0.043,0.266,archive:bigrun_2026-07
prism_nolock,replica,frl_apartment_0,stopgo_2.0hz_s0,pano,100.0,3.765,14.913,archive_unspecified,1.3203,archive_unspecified,7.403,13.944,39.8,272.6,0.0,3939.9,NVIDIA RTX PRO 6000 Blackwell Workstation Edition,RTX PRO 6000,0.071,0.07,True,0.963,3.7,16.9,0.036000000000000004,0.053,0.08900000000000001,0.76,0.055,0.08,0.136,0.64,1331938.0,20.0,0.028999999999999998,0.092,0.039,0.303,archive:bigrun_2026-07
prism_nolock,replica,frl_apartment_0,loop_2.0hz_s1,pano,74.0,3.488,10.043,archive_unspecified,1.3365,archive_unspecified,6.51,13.839,34.2,220.4,0.0,3939.9,NVIDIA RTX PRO 6000 Blackwell Workstation Edition,RTX PRO 6000,0.042,0.028999999999999998,True,0.978,2.2,22.8,0.035,0.138,0.17300000000000001,0.671,0.065,0.175,0.24,0.541,1112052.0,16.7,0.03,0.078,0.024,0.278,archive:bigrun_2026-07
prism_nolock,replica,apartment_1,loop_2.0hz_s0,pano,84.0,5.454,0.0,unavailable,,unavailable,5.203,14.422,24.1,176.9,0.0,0.0,NVIDIA RTX PRO 6000 Blackwell Workstation Edition,RTX PRO 6000,,,,,,,,,,,,,,,,,,,,,archive:bigrun_2026-07
prism_nolock,replica,apartment_1,stopgo_2.0hz_s1,pano,90.0,3.427,15.029,archive_unspecified,1.3969,archive_unspecified,8.188,14.699,37.9,245.1,0.0,3939.9,NVIDIA RTX PRO 6000 Blackwell Workstation Edition,RTX PRO 6000,1.982,1.608,True,0.464,53.6,41.4,0.406,1.087,1.492,0.064,0.373,1.5430000000000001,1.916,0.051,1839103.0,27.6,0.026000000000000002,0.831,0.852,0.024,archive:bigrun_2026-07
prism_nolock,replica,apartment_1,stopgo_2.0hz_s0,pano,67.0,4.074,0.0,unavailable,,unavailable,5.633,14.279,31.1,206.3,0.0,0.0,NVIDIA RTX PRO 6000 Blackwell Workstation Edition,RTX PRO 6000,,,,,,,,,,,,,,,,,,,,,archive:bigrun_2026-07
prism_nolock,replica,apartment_1,loop_2.0hz_s1,pano,96.0,3.148,19.352,archive_unspecified,1.4018,archive_unspecified,10.435,18.908,39.8,224.1,0.0,3939.9,NVIDIA RTX PRO 6000 Blackwell Workstation Edition,RTX PRO 6000,2.352,1.618,True,0.505,49.5,44.2,0.32,0.769,1.09,0.162,0.35600000000000004,1.4780000000000002,1.835,0.107,3006352.0,45.1,0.027999999999999997,0.784,0.705,0.062,archive:bigrun_2026-07
prism_nolock,replica,hotel_0,loop_2.0hz_s0,pano,44.0,2.907,0.0,unavailable,,unavailable,4.833,13.703,25.0,185.0,0.0,0.0,NVIDIA RTX PRO 6000 Blackwell Workstation Edition,RTX PRO 6000,,,,,,,,,,,,,,,,,,,,,archive:bigrun_2026-07
prism_nolock,replica,hotel_0,stopgo_2.0hz_s1,pano,59.0,3.937,0.0,unavailable,,unavailable,4.952,13.944,24.3,183.0,0.0,0.0,NVIDIA RTX PRO 6000 Blackwell Workstation Edition,RTX PRO 6000,,,,,,,,,,,,,,,,,,,,,archive:bigrun_2026-07
prism_nolock,replica,hotel_0,stopgo_2.0hz_s0,pano,57.0,3.335,0.0,unavailable,,unavailable,5.23,13.568,28.5,199.5,0.0,0.0,NVIDIA RTX PRO 6000 Blackwell Workstation Edition,RTX PRO 6000,,,,,,,,,,,,,,,,,,,,,archive:bigrun_2026-07
prism_nolock,replica,hotel_0,loop_2.0hz_s1,pano,60.0,2.218,15.485,archive_unspecified,2.9782,archive_unspecified,13.553,29.781,33.2,178.0,0.0,3939.9,NVIDIA RTX PRO 6000 Blackwell Workstation Edition,RTX PRO 6000,1.72,1.079,True,0.002,99.8,264.4,0.198,3.0410000000000004,3.238,0.0,0.198,3.055,3.253,0.0,3071019.0,46.1,0.02,0.209,1.0,0.0,archive:bigrun_2026-07
prism_nolock,replica,apartment_0,loop_2.0hz_s0,pano,89.0,3.334,14.577,archive_unspecified,1.4508,archive_unspecified,7.692,14.734,38.4,245.0,0.0,3939.9,NVIDIA RTX PRO 6000 Blackwell Workstation Edition,RTX PRO 6000,1.729,1.3559999999999999,True,0.766,23.4,5.5,0.36,0.581,0.941,0.139,0.319,0.963,1.2819999999999998,0.097,1806455.0,27.1,0.022000000000000002,0.8240000000000001,0.753,0.027999999999999997,archive:bigrun_2026-07
prism_nolock,replica,apartment_0,stopgo_2.0hz_s1,pano,99.0,3.509,16.072,archive_unspecified,1.4151,archive_unspecified,8.417,15.638,39.9,239.0,0.0,3939.9,NVIDIA RTX PRO 6000 Blackwell Workstation Edition,RTX PRO 6000,0.26,0.289,True,1.004,0.4,4.1,0.263,0.47,0.733,0.148,0.767,1.244,2.011,0.074,2172615.0,32.6,0.026000000000000002,0.6659999999999999,0.7170000000000001,0.03,archive:bigrun_2026-07
prism_nolock,replica,apartment_0,stopgo_2.0hz_s0,pano,90.0,3.507,14.346,archive_unspecified,1.3433,archive_unspecified,7.527,13.944,40.5,255.6,0.0,3939.9,NVIDIA RTX PRO 6000 Blackwell Workstation Edition,RTX PRO 6000,0.245,0.285,True,0.99,1.0,0.4,0.096,0.08,0.175,0.528,0.099,0.71,0.81,0.354,1681956.0,25.2,0.022000000000000002,0.423,0.257,0.09699999999999999,archive:bigrun_2026-07
prism_nolock,replica,apartment_0,synthetic_2.0hz,pano,70.0,3.122,11.178,archive_unspecified,1.4134,archive_unspecified,7.167,14.063,33.7,206.6,0.0,3939.9,NVIDIA RTX PRO 6000 Blackwell Workstation Edition,RTX PRO 6000,0.3,0.33799999999999997,True,0.967,3.3,2.5,0.057,0.077,0.134,0.563,0.064,0.6990000000000001,0.762,0.37,1475587.0,22.1,0.023,0.14,0.138,0.10400000000000001,archive:bigrun_2026-07
prism_nolock,replica,apartment_0,synthetic_0.5hz,pano,18.0,1.105,5.166,archive_unspecified,2.5812,archive_unspecified,5.894,19.692,19.9,104.0,0.0,3939.9,NVIDIA RTX PRO 6000 Blackwell Workstation Edition,RTX PRO 6000,0.665,0.45299999999999996,True,0.886,11.4,2.0,0.171,0.198,0.368,0.22,0.163,0.8440000000000001,1.0070000000000001,0.137,1384292.0,20.8,0.02,0.524,0.5760000000000001,0.037000000000000005,archive:bigrun_2026-07
prism_nolock,replica,apartment_0,synthetic_5.0hz,pano,173.0,4.085,29.389,archive_unspecified,1.2947,archive_unspecified,9.559,15.621,45.7,275.5,0.0,3939.9,NVIDIA RTX PRO 6000 Blackwell Workstation Edition,RTX PRO 6000,0.725,0.499,True,0.927,7.3,3.5,0.193,0.249,0.442,0.214,0.23800000000000002,0.848,1.0859999999999999,0.127,1856064.0,27.8,0.024,0.637,0.542,0.032,archive:bigrun_2026-07
prism_nolock,replica,apartment_0,loop_2.0hz_s1,pano,90.0,3.264,16.347,archive_unspecified,1.4131,archive_unspecified,9.034,16.725,38.6,240.8,0.0,3939.9,NVIDIA RTX PRO 6000 Blackwell Workstation Edition,RTX PRO 6000,0.24600000000000002,0.205,True,0.938,6.2,10.8,0.28600000000000003,0.544,0.83,0.141,0.655,0.966,1.62,0.068,2284686.0,34.3,0.024,0.7,0.7170000000000001,0.034,archive:bigrun_2026-07
mapanything,replica,office_4,synthetic_2.0hz,synthetic_fov,50.0,1.941,6.317,archive_unspecified,6.3171,archive_unspecified,48.903,91.192,7.4,109.3,0.0,0.0,NVIDIA RTX PRO 6000 Blackwell Workstation Edition,RTX PRO 6000,0.261,0.616,True,0.978,2.2,5.4,0.115,0.11900000000000001,0.235,0.441,0.111,0.192,0.303,0.39,1220150.0,18.3,0.045,0.33899999999999997,0.428,0.145,archive:bigrun_2026-07
mapanything,replica,office_4,synthetic_0.5hz,synthetic_fov,13.0,0.806,1.514,archive_unspecified,1.5142,archive_unspecified,27.218,93.224,2.8,72.4,0.0,0.0,NVIDIA RTX PRO 6000 Blackwell Workstation Edition,RTX PRO 6000,0.282,0.341,True,0.973,2.7,0.9,0.135,0.159,0.293,0.398,0.126,0.33899999999999997,0.465,0.328,574014.0,8.6,0.034,0.35200000000000004,0.48700000000000004,0.149,archive:bigrun_2026-07
mapanything,replica,office_4,synthetic_5.0hz,synthetic_fov,125.0,3.88,15.156,archive_unspecified,15.1559,archive_unspecified,74.362,94.415,14.6,161.5,0.0,0.0,NVIDIA RTX PRO 6000 Blackwell Workstation Edition,RTX PRO 6000,0.253,0.747,True,0.981,1.9,6.8,0.121,0.107,0.22699999999999998,0.42,0.11800000000000001,0.165,0.28300000000000003,0.375,1628324.0,24.4,0.042,0.342,0.462,0.132,archive:bigrun_2026-07
mapanything,replica,frl_apartment_0,loop_2.0hz_s0,synthetic_fov,106.0,3.704,12.606,archive_unspecified,12.6061,archive_unspecified,11.216,65.116,12.9,133.1,0.0,0.0,NVIDIA RTX PRO 6000 Blackwell Workstation Edition,RTX PRO 6000,1.226,1.1159999999999999,True,0.896,10.4,13.6,0.39,0.259,0.65,0.186,0.41100000000000003,0.27899999999999997,0.69,0.183,3364149.0,50.5,0.039,1.205,0.7559999999999999,0.038,archive:bigrun_2026-07
mapanything,replica,frl_apartment_0,stopgo_2.0hz_s1,synthetic_fov,77.0,3.225,8.874,archive_unspecified,8.8742,archive_unspecified,8.504,49.891,11.0,115.5,0.0,0.0,NVIDIA RTX PRO 6000 Blackwell Workstation Edition,RTX PRO 6000,0.414,0.501,True,0.884,11.6,26.8,0.26899999999999996,0.23600000000000002,0.505,0.217,0.364,0.308,0.672,0.197,2626151.0,39.4,0.047,0.7829999999999999,0.71,0.052000000000000005,archive:bigrun_2026-07
mapanything,replica,frl_apartment_0,synthetic_2.0hz_s1,synthetic_fov,57.0,2.63,6.372,archive_unspecified,6.3718,archive_unspecified,6.109,39.007,7.5,92.7,0.0,0.0,NVIDIA RTX PRO 6000 Blackwell Workstation Edition,RTX PRO 6000,0.462,0.48100000000000004,True,0.88,12.0,28.6,0.262,0.244,0.506,0.228,0.37200000000000005,0.314,0.6859999999999999,0.204,2616258.0,39.2,0.047,0.7490000000000001,0.69,0.054000000000000006,archive:bigrun_2026-07
mapanything,replica,frl_apartment_0,stopgo_2.0hz_s0,synthetic_fov,100.0,3.61,11.84,archive_unspecified,11.8398,archive_unspecified,10.543,61.887,12.6,129.0,0.0,0.0,NVIDIA RTX PRO 6000 Blackwell Workstation Edition,RTX PRO 6000,0.502,0.7070000000000001,True,0.945,5.5,13.2,0.268,0.149,0.41600000000000004,0.238,0.33799999999999997,0.179,0.516,0.224,2848936.0,42.7,0.042,0.853,0.7070000000000001,0.053,archive:bigrun_2026-07
mapanything,replica,frl_apartment_0,synthetic_0.5hz_s0,synthetic_fov,20.0,1.202,2.24,archive_unspecified,2.2403,archive_unspecified,2.812,18.601,4.1,58.0,0.0,0.0,NVIDIA RTX PRO 6000 Blackwell Workstation Edition,RTX PRO 6000,0.41100000000000003,0.406,True,0.916,8.4,23.1,0.233,0.2,0.433,0.245,0.34,0.23199999999999998,0.5720000000000001,0.221,1246049.0,18.7,0.037000000000000005,0.772,0.639,0.063,archive:bigrun_2026-07
mapanything,replica,frl_apartment_0,synthetic_0.5hz_s1,synthetic_fov,15.0,0.968,1.705,archive_unspecified,1.7054,archive_unspecified,2.4,13.757,2.8,60.9,0.0,0.0,NVIDIA RTX PRO 6000 Blackwell Workstation Edition,RTX PRO 6000,0.433,0.27,True,0.833,16.7,27.5,0.386,0.319,0.705,0.131,0.452,0.445,0.898,0.136,1176418.0,17.6,0.039,1.143,0.8079999999999999,0.032,archive:bigrun_2026-07
mapanything,replica,frl_apartment_0,synthetic_5.0hz_s1,synthetic_fov,141.0,3.948,17.447,archive_unspecified,17.4473,archive_unspecified,14.498,70.131,16.9,152.7,0.0,0.0,NVIDIA RTX PRO 6000 Blackwell Workstation Edition,RTX PRO 6000,0.47100000000000003,0.6659999999999999,True,0.888,11.2,29.3,0.264,0.184,0.44799999999999995,0.214,0.349,0.245,0.594,0.204,3860375.0,57.9,0.046,0.802,0.7170000000000001,0.046,archive:bigrun_2026-07
mapanything,replica,frl_apartment_0,synthetic_2.0hz_s0,synthetic_fov,80.0,3.282,9.217,archive_unspecified,9.2169,archive_unspecified,8.664,51.464,10.4,113.2,0.0,0.0,NVIDIA RTX PRO 6000 Blackwell Workstation Edition,RTX PRO 6000,0.513,0.6970000000000001,True,0.942,5.8,13.7,0.281,0.159,0.441,0.252,0.35100000000000003,0.18600000000000003,0.536,0.233,2856594.0,42.9,0.045,0.898,0.703,0.06,archive:bigrun_2026-07
mapanything,replica,frl_apartment_0,synthetic_5.0hz_s0,synthetic_fov,198.0,4.341,26.2,archive_unspecified,26.2001,archive_unspecified,20.536,71.494,21.2,180.9,0.0,0.0,NVIDIA RTX PRO 6000 Blackwell Workstation Edition,RTX PRO 6000,0.474,0.871,True,0.944,5.6,14.0,0.225,0.11,0.335,0.31,0.309,0.14400000000000002,0.45299999999999996,0.277,4140302.0,62.1,0.042,0.736,0.627,0.065,archive:bigrun_2026-07
mapanything,replica,frl_apartment_0,loop_2.0hz_s1,synthetic_fov,74.0,3.161,8.516,archive_unspecified,8.5157,archive_unspecified,8.195,48.025,10.6,112.5,0.0,0.0,NVIDIA RTX PRO 6000 Blackwell Workstation Edition,RTX PRO 6000,0.53,0.532,True,0.804,19.6,26.4,0.475,0.39799999999999996,0.872,0.082,0.506,0.449,0.955,0.087,3110676.0,46.7,0.044000000000000004,1.252,0.8909999999999999,0.018000000000000002,archive:bigrun_2026-07
mapanything,replica,apartment_1,loop_2.0hz_s0,synthetic_fov,84.0,3.436,9.705,archive_unspecified,9.7053,archive_unspecified,9.113,53.645,10.5,120.9,0.0,0.0,NVIDIA RTX PRO 6000 Blackwell Workstation Edition,RTX PRO 6000,2.269,1.538,True,0.436,56.4,440.1,0.35700000000000004,1.8119999999999998,2.169,0.042,0.331,2.782,3.114,0.024,1997686.0,30.0,0.0,0.8240000000000001,0.8220000000000001,0.027999999999999997,archive:bigrun_2026-07
mapanything,replica,apartment_1,stopgo_2.0hz_s1,synthetic_fov,90.0,3.422,10.506,archive_unspecified,10.506,archive_unspecified,9.456,56.602,11.6,124.0,0.0,0.0,NVIDIA RTX PRO 6000 Blackwell Workstation Edition,RTX PRO 6000,2.458,1.021,True,0.242,75.8,4.2,0.242,2.529,2.77,0.027,0.247,3.258,3.505,0.013,1814800.0,27.2,0.038,0.537,0.76,0.043,archive:bigrun_2026-07
mapanything,replica,apartment_1,synthetic_2.0hz_s1,synthetic_fov,70.0,3.131,7.996,archive_unspecified,7.9964,archive_unspecified,7.72,45.906,10.2,107.4,0.0,0.0,NVIDIA RTX PRO 6000 Blackwell Workstation Edition,RTX PRO 6000,2.64,1.5219999999999998,True,0.31,69.0,2.7,0.369,2.102,2.471,0.032,0.37,2.968,3.338,0.015,1666386.0,25.0,0.038,0.836,0.713,0.068,archive:bigrun_2026-07
mapanything,replica,apartment_1,stopgo_2.0hz_s0,synthetic_fov,67.0,3.05,7.654,archive_unspecified,7.6543,archive_unspecified,7.435,44.564,9.2,111.1,0.0,0.0,NVIDIA RTX PRO 6000 Blackwell Workstation Edition,RTX PRO 6000,2.108,1.4709999999999999,True,0.393,60.7,111.1,0.424,1.902,2.326,0.021,0.379,2.602,2.9810000000000003,0.022,1253286.0,18.8,0.001,0.804,0.894,0.016,archive:bigrun_2026-07
mapanything,replica,apartment_1,synthetic_0.5hz_s0,synthetic_fov,12.0,0.809,1.379,archive_unspecified,1.3788,archive_unspecified,2.177,12.729,1.0,48.8,0.0,0.0,NVIDIA RTX PRO 6000 Blackwell Workstation Edition,RTX PRO 6000,1.867,1.357,True,0.779,22.1,15.3,0.384,1.298,1.682,0.08,0.43799999999999994,1.746,2.184,0.042,546800.0,8.2,0.033,0.802,0.818,0.036000000000000004,archive:bigrun_2026-07
mapanything,replica,apartment_1,synthetic_0.5hz_s1,synthetic_fov,18.0,1.132,2.044,archive_unspecified,2.0436,archive_unspecified,2.632,13.275,2.6,62.1,0.0,0.0,NVIDIA RTX PRO 6000 Blackwell Workstation Edition,RTX PRO 6000,2.668,1.234,True,0.401,59.9,390.2,0.36700000000000005,2.314,2.681,0.044,0.406,2.2,2.6060000000000003,0.02,624228.0,9.4,0.003,0.7859999999999999,0.8270000000000001,0.03,archive:bigrun_2026-07
mapanything,replica,apartment_1,synthetic_5.0hz_s1,synthetic_fov,175.0,4.303,22.604,archive_unspecified,22.6039,archive_unspecified,18.2,70.76,19.9,175.2,0.0,0.0,NVIDIA RTX PRO 6000 Blackwell Workstation Edition,RTX PRO 6000,2.6510000000000002,1.21,True,0.315,68.5,0.2,0.48100000000000004,2.1919999999999997,2.673,0.036,0.48100000000000004,2.705,3.1860000000000004,0.019,2895960.0,43.4,0.043,0.8809999999999999,0.8640000000000001,0.027000000000000003,archive:bigrun_2026-07
mapanything,replica,apartment_1,synthetic_2.0hz_s0,synthetic_fov,47.0,2.441,5.245,archive_unspecified,5.2454,archive_unspecified,5.42,33.743,9.2,90.3,0.0,0.0,NVIDIA RTX PRO 6000 Blackwell Workstation Edition,RTX PRO 6000,2.122,1.7819999999999998,True,0.575,42.5,87.9,0.33299999999999996,1.433,1.766,0.149,0.316,1.911,2.227,0.085,1221509.0,18.3,0.001,0.784,0.7559999999999999,0.073,archive:bigrun_2026-07
mapanything,replica,apartment_1,synthetic_5.0hz_s0,synthetic_fov,116.0,3.845,14.018,archive_unspecified,14.0183,archive_unspecified,12.36,69.061,14.9,143.6,0.0,0.0,NVIDIA RTX PRO 6000 Blackwell Workstation Edition,RTX PRO 6000,2.032,1.929,True,0.589,41.1,160.0,0.316,1.426,1.743,0.145,0.301,1.954,2.255,0.087,1799136.0,27.0,0.001,0.774,0.737,0.059000000000000004,archive:bigrun_2026-07
mapanything,replica,apartment_1,loop_2.0hz_s1,synthetic_fov,96.0,3.646,11.27,archive_unspecified,11.2703,archive_unspecified,10.316,60.02,13.5,130.0,0.0,0.0,NVIDIA RTX PRO 6000 Blackwell Workstation Edition,RTX PRO 6000,2.367,1.0390000000000001,True,0.728,27.2,0.1,0.395,0.9740000000000001,1.369,0.081,0.363,1.235,1.598,0.073,1813111.0,27.2,0.042,0.784,0.8640000000000001,0.023,archive:bigrun_2026-07
mapanything,replica,hotel_0,loop_2.0hz_s0,synthetic_fov,44.0,2.339,4.898,archive_unspecified,4.8981,archive_unspecified,5.021,32.086,6.1,89.1,0.0,0.0,NVIDIA RTX PRO 6000 Blackwell Workstation Edition,RTX PRO 6000,0.281,0.557,True,0.828,17.2,17.0,0.098,0.27,0.368,0.417,0.092,0.544,0.636,0.277,651253.0,9.8,0.043,0.335,0.32,0.17,archive:bigrun_2026-07
mapanything,replica,hotel_0,stopgo_2.0hz_s1,synthetic_fov,59.0,2.819,6.614,archive_unspecified,6.6144,archive_unspecified,6.363,40.097,7.8,98.2,0.0,0.0,NVIDIA RTX PRO 6000 Blackwell Workstation Edition,RTX PRO 6000,0.565,1.0270000000000001,True,0.933,6.7,32.0,0.092,0.10099999999999999,0.19399999999999998,0.397,0.09300000000000001,0.191,0.285,0.307,725070.0,10.9,0.037000000000000005,0.251,0.355,0.145,archive:bigrun_2026-07
mapanything,replica,hotel_0,synthetic_2.0hz_s1,synthetic_fov,39.0,2.012,4.31,archive_unspecified,4.3097,archive_unspecified,4.304,27.976,6.1,75.3,0.0,0.0,NVIDIA RTX PRO 6000 Blackwell Workstation Edition,RTX PRO 6000,0.59,1.247,True,0.953,4.7,33.5,0.10099999999999999,0.127,0.228,0.358,0.13699999999999998,0.19399999999999998,0.331,0.269,702873.0,10.5,0.035,0.282,0.364,0.128,archive:bigrun_2026-07
mapanything,replica,hotel_0,stopgo_2.0hz_s0,synthetic_fov,57.0,2.739,6.378,archive_unspecified,6.3782,archive_unspecified,6.172,39.007,7.8,97.6,0.0,0.0,NVIDIA RTX PRO 6000 Blackwell Workstation Edition,RTX PRO 6000,0.37200000000000005,0.835,True,0.762,23.8,15.9,0.159,0.377,0.536,0.306,0.14,0.71,0.85,0.215,608991.0,9.1,0.038,0.498,0.49200000000000005,0.121,archive:bigrun_2026-07
mapanything,replica,hotel_0,synthetic_0.5hz_s0,synthetic_fov,10.0,0.684,1.173,archive_unspecified,1.1733,archive_unspecified,1.937,10.045,3.0,50.5,0.0,0.0,NVIDIA RTX PRO 6000 Blackwell Workstation Edition,RTX PRO 6000,0.171,0.235,True,0.82,18.0,12.4,0.09,0.20199999999999999,0.292,0.399,0.084,0.924,1.0090000000000001,0.216,254872.0,3.8,0.034,0.35600000000000004,0.275,0.205,archive:bigrun_2026-07
mapanything,replica,hotel_0,synthetic_0.5hz_s1,synthetic_fov,10.0,0.672,1.183,archive_unspecified,1.1828,archive_unspecified,1.979,14.176,3.0,50.8,0.0,0.0,NVIDIA RTX PRO 6000 Blackwell Workstation Edition,RTX PRO 6000,0.457,0.522,True,0.856,14.4,21.7,0.17,0.217,0.387,0.281,0.141,0.353,0.494,0.232,284279.0,4.3,0.038,0.493,0.51,0.139,archive:bigrun_2026-07
mapanything,replica,hotel_0,synthetic_5.0hz_s1,synthetic_fov,97.0,3.573,11.396,archive_unspecified,11.3962,archive_unspecified,10.083,60.314,12.5,128.8,0.0,0.0,NVIDIA RTX PRO 6000 Blackwell Workstation Edition,RTX PRO 6000,0.652,1.403,True,0.97,3.0,27.7,0.08900000000000001,0.087,0.175,0.421,0.11599999999999999,0.168,0.284,0.322,967328.0,14.5,0.042,0.22899999999999998,0.32899999999999996,0.132,archive:bigrun_2026-07
mapanything,replica,hotel_0,synthetic_2.0hz_s0,synthetic_fov,37.0,2.062,4.087,archive_unspecified,4.0871,archive_unspecified,4.312,21.537,5.4,79.9,0.0,0.0,NVIDIA RTX PRO 6000 Blackwell Workstation Edition,RTX PRO 6000,0.354,0.799,True,0.826,17.4,13.5,0.107,0.278,0.385,0.419,0.098,0.583,0.68,0.286,613702.0,9.2,0.037000000000000005,0.33799999999999997,0.366,0.175,archive:bigrun_2026-07
mapanything,replica,hotel_0,synthetic_5.0hz_s0,synthetic_fov,93.0,3.51,10.867,archive_unspecified,10.8669,archive_unspecified,9.835,58.468,12.3,124.9,0.0,0.0,NVIDIA RTX PRO 6000 Blackwell Workstation Edition,RTX PRO 6000,0.45,1.605,True,0.848,15.2,34.0,0.124,0.16699999999999998,0.29,0.375,0.135,0.28800000000000003,0.42200000000000004,0.275,1033603.0,15.5,0.040999999999999995,0.36,0.436,0.145,archive:bigrun_2026-07
mapanything,replica,hotel_0,loop_2.0hz_s1,synthetic_fov,60.0,2.764,6.737,archive_unspecified,6.7369,archive_unspecified,6.309,40.58,9.1,97.0,0.0,0.0,NVIDIA RTX PRO 6000 Blackwell Workstation Edition,RTX PRO 6000,0.45,0.863,True,0.958,4.2,34.0,0.102,0.1,0.20199999999999999,0.446,0.163,0.16699999999999998,0.33,0.337,1083448.0,16.2,0.044000000000000004,0.28800000000000003,0.38799999999999996,0.153,archive:bigrun_2026-07
mapanything,replica,apartment_0,loop_2.0hz_s0,synthetic_fov,89.0,3.471,10.406,archive_unspecified,10.4064,archive_unspecified,9.521,56.036,12.7,129.4,0.0,0.0,NVIDIA RTX PRO 6000 Blackwell Workstation Edition,RTX PRO 6000,0.7959999999999999,1.494,True,0.894,10.6,18.4,0.128,0.107,0.235,0.329,0.14,0.706,0.846,0.206,3092328.0,46.4,0.037000000000000005,0.359,0.488,0.043,archive:bigrun_2026-07
mapanything,replica,apartment_0,stopgo_2.0hz_s1,synthetic_fov,99.0,3.658,11.742,archive_unspecified,11.7422,archive_unspecified,10.721,61.362,13.7,136.8,0.0,0.0,NVIDIA RTX PRO 6000 Blackwell Workstation Edition,RTX PRO 6000,0.22399999999999998,0.509,True,0.861,13.9,22.4,0.12,0.11599999999999999,0.23600000000000002,0.384,0.154,0.736,0.89,0.201,2445253.0,36.7,0.043,0.375,0.402,0.057999999999999996,archive:bigrun_2026-07
mapanything,replica,apartment_0,synthetic_2.0hz_s1,synthetic_fov,79.0,3.317,9.088,archive_unspecified,9.0884,archive_unspecified,8.53,50.919,10.4,119.1,0.0,0.0,NVIDIA RTX PRO 6000 Blackwell Workstation Edition,RTX PRO 6000,0.266,0.52,True,0.862,13.8,20.2,0.11699999999999999,0.114,0.231,0.375,0.149,0.753,0.902,0.201,2422676.0,36.3,0.040999999999999995,0.359,0.406,0.055999999999999994,archive:bigrun_2026-07
mapanything,replica,apartment_0,stopgo_2.0hz_s0,synthetic_fov,90.0,3.493,10.545,archive_unspecified,10.545,archive_unspecified,9.669,56.602,13.0,130.6,0.0,0.0,NVIDIA RTX PRO 6000 Blackwell Workstation Edition,RTX PRO 6000,0.7759999999999999,1.2309999999999999,True,0.889,11.1,14.8,0.14,0.15,0.29,0.396,0.14800000000000002,0.755,0.904,0.215,2778677.0,41.7,0.037000000000000005,0.402,0.45399999999999996,0.066,archive:bigrun_2026-07
mapanything,replica,apartment_0,synthetic_0.5hz_s0,synthetic_fov,18.0,1.156,2.034,archive_unspecified,2.0339,archive_unspecified,2.722,18.35,4.2,68.7,0.0,0.0,NVIDIA RTX PRO 6000 Blackwell Workstation Edition,RTX PRO 6000,0.8370000000000001,0.621,True,0.837,16.3,14.7,0.27,0.276,0.546,0.213,0.231,0.872,1.103,0.124,1045511.0,15.7,0.037000000000000005,0.6920000000000001,0.695,0.040999999999999995,archive:bigrun_2026-07
mapanything,replica,apartment_0,synthetic_0.5hz_s1,synthetic_fov,20.0,1.24,2.254,archive_unspecified,2.254,archive_unspecified,2.863,15.12,3.4,71.1,0.0,0.0,NVIDIA RTX PRO 6000 Blackwell Workstation Edition,RTX PRO 6000,0.254,0.24,True,0.884,11.6,22.1,0.098,0.146,0.243,0.416,0.162,0.938,1.1,0.164,949386.0,14.2,0.035,0.309,0.287,0.078,archive:bigrun_2026-07
mapanything,replica,apartment_0,synthetic_2.0hz,synthetic_fov,70.0,2.907,8.03,archive_unspecified,8.0302,archive_unspecified,69.155,92.129,9.9,106.1,0.0,0.0,NVIDIA RTX PRO 6000 Blackwell Workstation Edition,RTX PRO 6000,0.85,1.203,True,0.891,10.9,14.8,0.135,0.134,0.26899999999999996,0.397,0.147,0.7559999999999999,0.903,0.219,2814956.0,42.2,0.037000000000000005,0.43,0.445,0.064,archive:bigrun_2026-07
mapanything,replica,apartment_0,synthetic_0.5hz,synthetic_fov,18.0,1.107,2.067,archive_unspecified,2.0672,archive_unspecified,64.541,76.189,3.9,62.0,0.0,0.0,NVIDIA RTX PRO 6000 Blackwell Workstation Edition,RTX PRO 6000,0.8370000000000001,0.621,True,0.837,16.3,14.7,0.27,0.27699999999999997,0.547,0.213,0.231,0.873,1.104,0.124,1045511.0,15.7,0.037000000000000005,0.6920000000000001,0.695,0.040999999999999995,archive:bigrun_2026-07
mapanything,replica,apartment_0,synthetic_5.0hz,synthetic_fov,173.0,4.145,22.247,archive_unspecified,22.2472,archive_unspecified,78.845,96.279,18.9,164.3,0.0,0.0,NVIDIA RTX PRO 6000 Blackwell Workstation Edition,RTX PRO 6000,0.726,1.661,True,0.901,9.9,21.6,0.133,0.095,0.228,0.353,0.16399999999999998,0.696,0.86,0.215,4682508.0,70.2,0.036000000000000004,0.385,0.47100000000000003,0.043,archive:bigrun_2026-07
mapanything,replica,apartment_0,synthetic_5.0hz_s1,synthetic_fov,196.0,4.397,26.063,archive_unspecified,26.063,archive_unspecified,20.902,71.389,22.3,193.6,0.0,0.0,NVIDIA RTX PRO 6000 Blackwell Workstation Edition,RTX PRO 6000,0.24,0.667,True,0.854,14.6,23.5,0.135,0.10099999999999999,0.23600000000000002,0.368,0.166,0.742,0.909,0.209,3713273.0,55.7,0.040999999999999995,0.39299999999999996,0.467,0.05,archive:bigrun_2026-07
mapanything,replica,apartment_0,synthetic_2.0hz_s0,synthetic_fov,70.0,2.834,8.038,archive_unspecified,8.0379,archive_unspecified,7.346,45.906,8.9,106.5,0.0,0.0,NVIDIA RTX PRO 6000 Blackwell Workstation Edition,RTX PRO 6000,0.85,1.203,True,0.891,10.9,14.8,0.135,0.134,0.26899999999999996,0.397,0.147,0.755,0.902,0.219,2815222.0,42.2,0.037000000000000005,0.431,0.445,0.064,archive:bigrun_2026-07
mapanything,replica,apartment_0,synthetic_5.0hz_s0,synthetic_fov,173.0,4.323,22.422,archive_unspecified,22.422,archive_unspecified,18.454,70.886,20.1,180.6,0.0,0.0,NVIDIA RTX PRO 6000 Blackwell Workstation Edition,RTX PRO 6000,0.726,1.661,True,0.901,9.9,21.6,0.133,0.096,0.22899999999999998,0.352,0.16399999999999998,0.6970000000000001,0.861,0.215,4682494.0,70.2,0.036000000000000004,0.385,0.47100000000000003,0.043,archive:bigrun_2026-07
mapanything,replica,apartment_0,loop_2.0hz_s1,synthetic_fov,90.0,3.519,10.513,archive_unspecified,10.5133,archive_unspecified,9.74,56.602,12.5,129.1,0.0,0.0,NVIDIA RTX PRO 6000 Blackwell Workstation Edition,RTX PRO 6000,0.332,0.579,True,0.888,11.2,17.7,0.109,0.10099999999999999,0.21,0.412,0.13,0.795,0.9259999999999999,0.225,2619778.0,39.3,0.043,0.317,0.38799999999999996,0.064,archive:bigrun_2026-07
prism_noguards,replica,office_4,synthetic_2.0hz,pano,50.0,3.073,5.959,archive_unspecified,1.2088,archive_unspecified,5.362,13.872,22.7,189.0,0.0,3939.9,NVIDIA RTX PRO 6000 Blackwell Workstation Edition,RTX PRO 6000,0.017,0.027000000000000003,True,0.998,0.2,7.6,0.023,0.07,0.09300000000000001,0.835,0.055999999999999994,0.054000000000000006,0.11,0.709,655566.0,9.8,0.022000000000000002,0.047,0.005,0.496,archive:bigrun_2026-07
prism_noguards,replica,office_4,synthetic_0.5hz,pano,13.0,0.935,3.069,archive_unspecified,1.5347,archive_unspecified,4.012,15.569,14.0,99.3,0.0,3939.9,NVIDIA RTX PRO 6000 Blackwell Workstation Edition,RTX PRO 6000,0.006999999999999999,0.009000000000000001,True,1.002,0.2,4.3,0.019,0.022000000000000002,0.04,0.958,0.019,0.039,0.057999999999999996,0.889,546736.0,8.2,0.022000000000000002,0.039,0.002,0.6609999999999999,archive:bigrun_2026-07
prism_noguards,replica,office_4,synthetic_5.0hz,pano,125.0,4.461,15.21,archive_unspecified,1.289,archive_unspecified,6.743,13.944,44.6,289.3,0.0,3939.9,NVIDIA RTX PRO 6000 Blackwell Workstation Edition,RTX PRO 6000,0.032,0.031,True,0.99,1.0,9.8,0.027000000000000003,0.047,0.075,0.867,0.037000000000000005,0.047,0.084,0.776,604559.0,9.1,0.022000000000000002,0.057,0.004,0.371,archive:bigrun_2026-07
prism_noguards,replica,frl_apartment_0,loop_2.0hz_s0,pano,106.0,3.823,15.775,archive_unspecified,1.3024,archive_unspecified,7.711,14.39,41.4,263.3,0.0,3939.9,NVIDIA RTX PRO 6000 Blackwell Workstation Edition,RTX PRO 6000,0.5379999999999999,0.44,True,0.926,7.4,23.7,0.121,0.11,0.23199999999999998,0.426,0.19899999999999998,0.121,0.319,0.373,1589384.0,23.8,0.027000000000000003,0.37200000000000005,0.377,0.11599999999999999,archive:bigrun_2026-07
prism_noguards,replica,frl_apartment_0,stopgo_2.0hz_s1,pano,77.0,3.383,11.577,archive_unspecified,1.3056,archive_unspecified,6.833,13.944,38.8,236.9,0.0,3939.9,NVIDIA RTX PRO 6000 Blackwell Workstation Edition,RTX PRO 6000,0.040999999999999995,0.027000000000000003,True,0.983,1.7,21.3,0.038,0.183,0.221,0.65,0.069,0.213,0.281,0.511,1112054.0,16.7,0.027000000000000003,0.08900000000000001,0.040999999999999995,0.272,archive:bigrun_2026-07
prism_noguards,replica,frl_apartment_0,stopgo_2.0hz_s0,pano,100.0,3.798,14.831,archive_unspecified,1.3102,archive_unspecified,7.392,13.944,40.9,274.3,0.0,3939.9,NVIDIA RTX PRO 6000 Blackwell Workstation Edition,RTX PRO 6000,0.069,0.067,True,0.963,3.7,17.1,0.035,0.05,0.086,0.772,0.055,0.08,0.135,0.651,1335516.0,20.0,0.027999999999999997,0.091,0.037000000000000005,0.309,archive:bigrun_2026-07
prism_noguards,replica,frl_apartment_0,loop_2.0hz_s1,pano,74.0,3.549,10.038,archive_unspecified,1.3413,archive_unspecified,6.622,13.944,35.0,223.6,0.0,3939.9,NVIDIA RTX PRO 6000 Blackwell Workstation Edition,RTX PRO 6000,0.042,0.028999999999999998,True,0.977,2.3,22.9,0.035,0.139,0.174,0.671,0.064,0.17600000000000002,0.24,0.541,1112493.0,16.7,0.03,0.077,0.023,0.275,archive:bigrun_2026-07
prism_noguards,replica,apartment_1,loop_2.0hz_s0,pano,84.0,5.049,0.0,unavailable,,unavailable,4.94,14.422,20.0,162.7,0.0,0.0,NVIDIA RTX PRO 6000 Blackwell Workstation Edition,RTX PRO 6000,,,,,,,,,,,,,,,,,,,,,archive:bigrun_2026-07
prism_noguards,replica,apartment_1,stopgo_2.0hz_s1,pano,90.0,3.5,14.3,archive_unspecified,1.3437,archive_unspecified,7.516,14.246,40.2,244.9,0.0,3939.9,NVIDIA RTX PRO 6000 Blackwell Workstation Edition,RTX PRO 6000,1.882,1.232,True,0.424,57.6,27.9,0.39899999999999997,1.665,2.064,0.072,0.39299999999999996,1.834,2.227,0.051,1657887.0,24.9,0.026000000000000002,0.878,0.809,0.031,archive:bigrun_2026-07
prism_noguards,replica,apartment_1,stopgo_2.0hz_s0,pano,67.0,3.928,0.0,unavailable,,unavailable,5.47,14.246,27.4,205.3,0.0,0.0,NVIDIA RTX PRO 6000 Blackwell Workstation Edition,RTX PRO 6000,,,,,,,,,,,,,,,,,,,,,archive:bigrun_2026-07
prism_noguards,replica,apartment_1,loop_2.0hz_s1,pano,96.0,3.055,19.456,archive_unspecified,1.402,archive_unspecified,10.01,18.406,38.7,218.7,0.0,3939.9,NVIDIA RTX PRO 6000 Blackwell Workstation Edition,RTX PRO 6000,2.225,1.5490000000000002,True,0.539,46.1,51.1,0.326,0.721,1.047,0.17,0.368,1.3330000000000002,1.7009999999999998,0.116,3086951.0,46.3,0.027000000000000003,0.777,0.726,0.052000000000000005,archive:bigrun_2026-07
prism_noguards,replica,hotel_0,loop_2.0hz_s0,pano,44.0,2.78,0.0,unavailable,,unavailable,4.834,13.703,21.2,175.9,0.0,0.0,NVIDIA RTX PRO 6000 Blackwell Workstation Edition,RTX PRO 6000,,,,,,,,,,,,,,,,,,,,,archive:bigrun_2026-07
prism_noguards,replica,hotel_0,stopgo_2.0hz_s1,pano,59.0,3.977,0.0,unavailable,,unavailable,5.085,13.944,21.2,177.9,0.0,0.0,NVIDIA RTX PRO 6000 Blackwell Workstation Edition,RTX PRO 6000,,,,,,,,,,,,,,,,,,,,,archive:bigrun_2026-07
prism_noguards,replica,hotel_0,stopgo_2.0hz_s0,pano,57.0,3.523,0.0,unavailable,,unavailable,5.382,13.703,31.5,211.8,0.0,0.0,NVIDIA RTX PRO 6000 Blackwell Workstation Edition,RTX PRO 6000,,,,,,,,,,,,,,,,,,,,,archive:bigrun_2026-07
prism_noguards,replica,hotel_0,loop_2.0hz_s1,pano,60.0,1.847,19.927,archive_unspecified,2.9991,archive_unspecified,17.684,36.306,34.1,167.7,0.0,3939.9,NVIDIA RTX PRO 6000 Blackwell Workstation Edition,RTX PRO 6000,1.72,1.068,True,0.002,99.8,291.2,0.19,3.0389999999999997,3.2289999999999996,0.0,0.19,3.054,3.2439999999999998,0.0,4002703.0,60.0,0.021,0.19899999999999998,1.0,0.0,archive:bigrun_2026-07
prism_noguards,replica,apartment_0,loop_2.0hz_s0,pano,89.0,3.383,14.613,archive_unspecified,1.4539,archive_unspecified,7.84,14.734,40.8,249.8,0.0,3939.9,NVIDIA RTX PRO 6000 Blackwell Workstation Edition,RTX PRO 6000,1.729,1.355,True,0.767,23.3,5.7,0.358,0.583,0.941,0.142,0.319,0.9620000000000001,1.281,0.097,1812639.0,27.2,0.023,0.8240000000000001,0.75,0.028999999999999998,archive:bigrun_2026-07
prism_noguards,replica,apartment_0,stopgo_2.0hz_s1,pano,99.0,3.514,15.962,archive_unspecified,1.4109,archive_unspecified,8.355,15.592,40.0,241.6,0.0,3939.9,NVIDIA RTX PRO 6000 Blackwell Workstation Edition,RTX PRO 6000,0.218,0.23399999999999999,True,0.963,3.7,2.6,0.27699999999999997,0.466,0.743,0.139,0.701,1.33,2.031,0.066,2114893.0,31.7,0.024,0.675,0.73,0.027000000000000003,archive:bigrun_2026-07
prism_noguards,replica,apartment_0,stopgo_2.0hz_s0,pano,90.0,3.512,14.045,archive_unspecified,1.3534,archive_unspecified,7.367,13.944,37.9,255.6,0.0,3939.9,NVIDIA RTX PRO 6000 Blackwell Workstation Edition,RTX PRO 6000,0.243,0.282,True,0.991,0.9,0.4,0.091,0.075,0.166,0.521,0.099,0.718,0.818,0.339,1569992.0,23.6,0.022000000000000002,0.36700000000000005,0.22899999999999998,0.08199999999999999,archive:bigrun_2026-07
prism_noguards,replica,apartment_0,synthetic_2.0hz,pano,70.0,3.085,10.958,archive_unspecified,1.4297,archive_unspecified,6.975,14.063,34.1,208.0,0.0,3939.9,NVIDIA RTX PRO 6000 Blackwell Workstation Edition,RTX PRO 6000,0.3,0.33799999999999997,True,0.967,3.3,2.5,0.055999999999999994,0.078,0.134,0.565,0.064,0.6990000000000001,0.763,0.369,1486957.0,22.3,0.023,0.139,0.13699999999999998,0.106,archive:bigrun_2026-07
prism_noguards,replica,apartment_0,synthetic_0.5hz,pano,18.0,1.116,5.223,archive_unspecified,2.6103,archive_unspecified,5.998,19.692,15.4,112.6,0.0,3939.9,NVIDIA RTX PRO 6000 Blackwell Workstation Edition,RTX PRO 6000,0.665,0.45299999999999996,True,0.886,11.4,2.1,0.17,0.19699999999999998,0.36700000000000005,0.223,0.163,0.848,1.011,0.138,1384402.0,20.8,0.022000000000000002,0.521,0.575,0.039,archive:bigrun_2026-07
prism_noguards,replica,apartment_0,synthetic_5.0hz,pano,173.0,4.34,28.139,archive_unspecified,1.306,archive_unspecified,9.408,14.787,47.5,296.0,0.0,3939.9,NVIDIA RTX PRO 6000 Blackwell Workstation Edition,RTX PRO 6000,0.725,0.495,True,0.926,7.4,3.4,0.2,0.255,0.455,0.185,0.247,0.8540000000000001,1.1,0.117,1731263.0,26.0,0.024,0.639,0.564,0.031,archive:bigrun_2026-07
prism_noguards,replica,apartment_0,loop_2.0hz_s1,pano,90.0,3.223,16.362,archive_unspecified,1.4133,archive_unspecified,8.851,16.725,40.1,232.1,0.0,3939.9,NVIDIA RTX PRO 6000 Blackwell Workstation Edition,RTX PRO 6000,0.22899999999999998,0.182,True,0.935,6.5,11.3,0.29100000000000004,0.5329999999999999,0.8240000000000001,0.134,0.648,0.9640000000000001,1.6119999999999999,0.066,2294151.0,34.4,0.023,0.7020000000000001,0.733,0.032,archive:bigrun_2026-07
prism_se3,replica,office_4,synthetic_2.0hz,pano,50.0,2.636,5.818,archive_unspecified,1.1753,archive_unspecified,77.198,101.172,22.6,152.5,0.0,3939.9,NVIDIA RTX PRO 6000 Blackwell Workstation Edition,RTX PRO 6000,0.017,0.027999999999999997,True,0.998,0.2,7.6,0.023,0.073,0.096,0.831,0.055999999999999994,0.054000000000000006,0.11,0.712,648058.0,9.7,0.024,0.047,0.005,0.495,archive:bigrun_2026-07
prism_se3,replica,office_4,synthetic_0.5hz,pano,13.0,0.974,0.0,unavailable,,unavailable,85.721,102.616,0.8,35.5,0.0,0.0,NVIDIA RTX PRO 6000 Blackwell Workstation Edition,RTX PRO 6000,,,,,,,,,,,,,,,,,,,,,archive:bigrun_2026-07
prism_se3,replica,office_4,synthetic_5.0hz,pano,125.0,4.524,15.288,archive_unspecified,1.2557,archive_unspecified,31.997,77.56,46.6,285.8,0.0,3939.9,NVIDIA RTX PRO 6000 Blackwell Workstation Edition,RTX PRO 6000,0.059000000000000004,0.044000000000000004,True,0.982,1.8,12.1,0.031,0.135,0.166,0.715,0.062,0.062,0.124,0.637,657228.0,9.9,0.022000000000000002,0.063,0.017,0.321,archive:bigrun_2026-07
prism_se3,replica,frl_apartment_0,loop_2.0hz_s0,pano,106.0,3.881,16.133,archive_unspecified,1.369,archive_unspecified,8.231,15.223,42.1,266.8,0.0,3939.9,NVIDIA RTX PRO 6000 Blackwell Workstation Edition,RTX PRO 6000,0.607,0.493,True,0.846,15.4,34.2,0.22899999999999998,0.245,0.474,0.302,0.24600000000000002,0.243,0.489,0.265,1837296.0,27.6,0.028999999999999998,0.723,0.556,0.095,archive:bigrun_2026-07
prism_se3,replica,frl_apartment_0,stopgo_2.0hz_s1,pano,77.0,3.48,11.227,archive_unspecified,1.3018,archive_unspecified,6.791,13.839,36.2,243.7,0.0,3939.9,NVIDIA RTX PRO 6000 Blackwell Workstation Edition,RTX PRO 6000,0.017,0.022000000000000002,True,0.994,0.6,19.8,0.035,0.131,0.166,0.696,0.071,0.16699999999999998,0.23800000000000002,0.547,1088240.0,16.3,0.027999999999999997,0.081,0.033,0.298,archive:bigrun_2026-07
prism_se3,replica,frl_apartment_0,synthetic_2.0hz_s1,pano,57.0,3.036,8.061,archive_unspecified,1.3599,archive_unspecified,6.085,13.944,32.8,204.5,0.0,3939.9,NVIDIA RTX PRO 6000 Blackwell Workstation Edition,RTX PRO 6000,0.015,0.02,True,0.992,0.8,17.3,0.031,0.124,0.156,0.721,0.057999999999999996,0.239,0.297,0.592,945952.0,14.2,0.03,0.067,0.022000000000000002,0.342,archive:bigrun_2026-07
prism_se3,replica,frl_apartment_0,stopgo_2.0hz_s0,pano,100.0,3.715,15.698,archive_unspecified,1.3044,archive_unspecified,7.682,13.944,41.6,271.9,0.0,3939.9,NVIDIA RTX PRO 6000 Blackwell Workstation Edition,RTX PRO 6000,0.16699999999999998,0.12,True,0.927,7.3,17.3,0.095,0.21,0.305,0.381,0.125,0.151,0.276,0.332,1630968.0,24.5,0.026000000000000002,0.285,0.34299999999999997,0.11800000000000001,archive:bigrun_2026-07
prism_se3,replica,frl_apartment_0,synthetic_0.5hz_s0,pano,20.0,1.36,4.113,archive_unspecified,2.0566,archive_unspecified,5.118,18.249,14.7,108.2,0.0,3939.9,NVIDIA RTX PRO 6000 Blackwell Workstation Edition,RTX PRO 6000,0.013000000000000001,0.013000000000000001,True,0.99,1.0,16.7,0.027000000000000003,0.183,0.21,0.751,0.036000000000000004,0.18600000000000003,0.222,0.647,843615.0,12.7,0.028999999999999998,0.057,0.011000000000000001,0.414,archive:bigrun_2026-07
prism_se3,replica,frl_apartment_0,synthetic_0.5hz_s1,pano,15.0,0.972,4.213,archive_unspecified,2.1064,archive_unspecified,4.997,18.1,15.1,103.9,0.0,3939.9,NVIDIA RTX PRO 6000 Blackwell Workstation Edition,RTX PRO 6000,0.013000000000000001,0.01,True,0.989,1.1,19.5,0.028999999999999998,0.105,0.134,0.761,0.045,0.183,0.228,0.628,886148.0,13.3,0.027000000000000003,0.06,0.015,0.37,archive:bigrun_2026-07
prism_se3,replica,frl_apartment_0,synthetic_5.0hz_s1,pano,141.0,4.766,17.985,archive_unspecified,1.303,archive_unspecified,7.752,13.805,47.6,305.2,0.0,3939.9,NVIDIA RTX PRO 6000 Blackwell Workstation Edition,RTX PRO 6000,0.026000000000000002,0.032,True,0.992,0.8,18.4,0.031,0.14400000000000002,0.17600000000000002,0.697,0.065,0.223,0.28800000000000003,0.561,980490.0,14.7,0.026000000000000002,0.067,0.019,0.332,archive:bigrun_2026-07
prism_se3,replica,frl_apartment_0,synthetic_2.0hz_s0,pano,80.0,3.433,11.997,archive_unspecified,1.3513,archive_unspecified,7.135,13.902,36.9,243.9,0.0,3939.9,NVIDIA RTX PRO 6000 Blackwell Workstation Edition,RTX PRO 6000,0.276,0.28300000000000003,True,0.928,7.2,20.2,0.087,0.184,0.271,0.367,0.11800000000000001,0.126,0.245,0.316,1378304.0,20.7,0.025,0.23399999999999999,0.311,0.11699999999999999,archive:bigrun_2026-07
prism_se3,replica,frl_apartment_0,synthetic_5.0hz_s0,pano,198.0,4.926,27.387,archive_unspecified,1.3117,archive_unspecified,8.719,14.825,53.5,333.4,0.0,3939.9,NVIDIA RTX PRO 6000 Blackwell Workstation Edition,RTX PRO 6000,0.268,0.358,True,0.901,9.9,24.6,0.13,0.23399999999999999,0.364,0.293,0.195,0.17800000000000002,0.373,0.237,1651547.0,24.8,0.026000000000000002,0.349,0.46299999999999997,0.08800000000000001,archive:bigrun_2026-07
prism_se3,replica,frl_apartment_0,loop_2.0hz_s1,pano,74.0,3.468,10.069,archive_unspecified,1.3308,archive_unspecified,6.535,13.944,33.7,219.4,0.0,3939.9,NVIDIA RTX PRO 6000 Blackwell Workstation Edition,RTX PRO 6000,0.02,0.023,True,0.988,1.2,22.1,0.032,0.121,0.153,0.734,0.068,0.165,0.233,0.574,1160775.0,17.4,0.03,0.068,0.018000000000000002,0.297,archive:bigrun_2026-07
prism_se3,replica,apartment_1,loop_2.0hz_s0,pano,84.0,5.568,0.0,unavailable,,unavailable,5.252,14.422,28.0,178.4,0.0,0.0,NVIDIA RTX PRO 6000 Blackwell Workstation Edition,RTX PRO 6000,,,,,,,,,,,,,,,,,,,,,archive:bigrun_2026-07
prism_se3,replica,apartment_1,stopgo_2.0hz_s1,pano,90.0,3.297,16.184,archive_unspecified,1.3827,archive_unspecified,8.966,16.345,40.4,239.2,0.0,3939.9,NVIDIA RTX PRO 6000 Blackwell Workstation Edition,RTX PRO 6000,2.157,1.429,True,0.374,62.6,46.9,0.39899999999999997,1.46,1.859,0.086,0.35600000000000004,2.068,2.424,0.058,2267777.0,34.0,0.02,0.868,0.785,0.038,archive:bigrun_2026-07
prism_se3,replica,apartment_1,synthetic_2.0hz_s1,pano,70.0,3.192,11.024,archive_unspecified,1.5147,archive_unspecified,7.971,19.359,35.2,213.9,0.0,3939.9,NVIDIA RTX PRO 6000 Blackwell Workstation Edition,RTX PRO 6000,1.7690000000000001,1.662,True,0.601,39.9,28.1,0.318,0.995,1.3119999999999998,0.14,0.431,1.306,1.7369999999999999,0.102,1526113.0,22.9,0.021,0.769,0.7040000000000001,0.07,archive:bigrun_2026-07
prism_se3,replica,apartment_1,stopgo_2.0hz_s0,pano,67.0,4.018,0.0,unavailable,,unavailable,5.577,14.422,27.8,201.1,0.0,0.0,NVIDIA RTX PRO 6000 Blackwell Workstation Edition,RTX PRO 6000,,,,,,,,,,,,,,,,,,,,,archive:bigrun_2026-07
prism_se3,replica,apartment_1,synthetic_0.5hz_s0,pano,12.0,0.862,3.603,archive_unspecified,1.8015,archive_unspecified,4.564,15.756,10.9,93.1,0.0,3939.9,NVIDIA RTX PRO 6000 Blackwell Workstation Edition,RTX PRO 6000,1.986,1.5030000000000001,True,0.738,26.2,12.4,0.35200000000000004,1.008,1.359,0.082,0.355,1.514,1.869,0.057,797725.0,12.0,0.021,0.8320000000000001,0.7859999999999999,0.039,archive:bigrun_2026-07
prism_se3,replica,apartment_1,synthetic_0.5hz_s1,pano,18.0,1.172,4.35,archive_unspecified,2.1751,archive_unspecified,5.064,17.41,17.8,105.0,0.0,3939.9,NVIDIA RTX PRO 6000 Blackwell Workstation Edition,RTX PRO 6000,1.845,1.41,True,0.65,35.0,4.1,0.34299999999999997,1.195,1.538,0.125,0.309,1.4969999999999999,1.806,0.116,917680.0,13.8,0.021,0.804,0.7440000000000001,0.087,archive:bigrun_2026-07
prism_se3,replica,apartment_1,synthetic_5.0hz_s1,pano,175.0,3.766,34.273,archive_unspecified,1.3108,archive_unspecified,13.881,24.339,45.8,273.7,0.0,3939.9,NVIDIA RTX PRO 6000 Blackwell Workstation Edition,RTX PRO 6000,2.318,1.581,True,0.446,55.4,59.5,0.382,0.9990000000000001,1.381,0.107,0.37799999999999995,1.181,1.5590000000000002,0.091,3290521.0,49.4,0.027000000000000003,0.8320000000000001,0.79,0.042,archive:bigrun_2026-07
prism_se3,replica,apartment_1,synthetic_2.0hz_s0,pano,47.0,3.122,0.0,unavailable,,unavailable,5.141,14.422,26.5,174.4,0.0,0.0,NVIDIA RTX PRO 6000 Blackwell Workstation Edition,RTX PRO 6000,,,,,,,,,,,,,,,,,,,,,archive:bigrun_2026-07
prism_se3,replica,apartment_1,synthetic_5.0hz_s0,pano,116.0,6.936,0.0,unavailable,,unavailable,5.592,13.944,30.2,207.6,0.0,0.0,NVIDIA RTX PRO 6000 Blackwell Workstation Edition,RTX PRO 6000,,,,,,,,,,,,,,,,,,,,,archive:bigrun_2026-07
prism_se3,replica,apartment_1,loop_2.0hz_s1,pano,96.0,3.628,14.841,archive_unspecified,1.44,archive_unspecified,8.235,15.25,42.4,242.2,0.0,3939.9,NVIDIA RTX PRO 6000 Blackwell Workstation Edition,RTX PRO 6000,2.602,1.375,True,0.469,53.1,28.7,0.302,1.2670000000000001,1.57,0.108,0.325,1.7480000000000002,2.073,0.073,1810857.0,27.2,0.021,0.746,0.726,0.053,archive:bigrun_2026-07
prism_se3,replica,hotel_0,loop_2.0hz_s0,pano,44.0,2.898,0.0,unavailable,,unavailable,4.825,13.703,22.1,179.3,0.0,0.0,NVIDIA RTX PRO 6000 Blackwell Workstation Edition,RTX PRO 6000,,,,,,,,,,,,,,,,,,,,,archive:bigrun_2026-07
prism_se3,replica,hotel_0,stopgo_2.0hz_s1,pano,59.0,3.949,0.0,unavailable,,unavailable,5.042,13.944,23.5,184.5,0.0,0.0,NVIDIA RTX PRO 6000 Blackwell Workstation Edition,RTX PRO 6000,,,,,,,,,,,,,,,,,,,,,archive:bigrun_2026-07
prism_se3,replica,hotel_0,synthetic_2.0hz_s1,pano,39.0,2.476,5.023,archive_unspecified,1.2472,archive_unspecified,4.926,13.944,20.2,151.7,0.0,3939.9,NVIDIA RTX PRO 6000 Blackwell Workstation Edition,RTX PRO 6000,0.542,0.442,True,0.884,11.6,25.1,0.145,0.888,1.032,0.201,0.43799999999999994,0.8320000000000001,1.271,0.15,808070.0,12.1,0.023,0.462,0.47700000000000004,0.092,archive:bigrun_2026-07
prism_se3,replica,hotel_0,stopgo_2.0hz_s0,pano,57.0,3.551,0.0,unavailable,,unavailable,5.558,13.669,27.8,211.5,0.0,0.0,NVIDIA RTX PRO 6000 Blackwell Workstation Edition,RTX PRO 6000,,,,,,,,,,,,,,,,,,,,,archive:bigrun_2026-07
prism_se3,replica,hotel_0,synthetic_0.5hz_s0,pano,10.0,0.741,3.288,archive_unspecified,1.6439,archive_unspecified,4.285,14.915,11.3,91.9,0.0,3939.9,NVIDIA RTX PRO 6000 Blackwell Workstation Edition,RTX PRO 6000,0.02,0.027000000000000003,True,0.979,2.1,20.2,0.07400000000000001,0.11199999999999999,0.18600000000000003,0.608,0.179,0.14300000000000002,0.322,0.508,727494.0,10.9,0.025,0.386,0.161,0.293,archive:bigrun_2026-07
prism_se3,replica,hotel_0,synthetic_0.5hz_s1,pano,10.0,0.702,3.659,archive_unspecified,1.8295,archive_unspecified,4.531,16.03,10.5,89.2,0.0,3939.9,NVIDIA RTX PRO 6000 Blackwell Workstation Edition,RTX PRO 6000,0.019,0.03,True,0.998,0.2,56.5,0.201,0.28800000000000003,0.489,0.251,0.508,0.24600000000000002,0.755,0.22,858187.0,12.9,0.021,0.598,0.555,0.14,archive:bigrun_2026-07
prism_se3,replica,hotel_0,synthetic_5.0hz_s1,pano,97.0,5.83,0.0,unavailable,,unavailable,5.603,13.633,29.0,211.4,0.0,0.0,NVIDIA RTX PRO 6000 Blackwell Workstation Edition,RTX PRO 6000,,,,,,,,,,,,,,,,,,,,,archive:bigrun_2026-07
prism_se3,replica,hotel_0,synthetic_2.0hz_s0,pano,37.0,2.552,4.072,archive_unspecified,0.8302,archive_unspecified,4.63,13.568,17.6,155.6,0.0,3939.9,NVIDIA RTX PRO 6000 Blackwell Workstation Edition,RTX PRO 6000,0.035,0.048,True,0.949,5.1,1.3,0.047,0.139,0.18600000000000003,0.551,0.048,0.418,0.466,0.411,390558.0,5.9,0.023,0.12300000000000001,0.075,0.294,archive:bigrun_2026-07
prism_se3,replica,hotel_0,synthetic_5.0hz_s0,pano,93.0,4.823,0.0,unavailable,,unavailable,6.368,13.944,38.9,256.1,0.0,0.0,NVIDIA RTX PRO 6000 Blackwell Workstation Edition,RTX PRO 6000,,,,,,,,,,,,,,,,,,,,,archive:bigrun_2026-07
prism_se3,replica,hotel_0,loop_2.0hz_s1,pano,60.0,3.135,8.377,archive_unspecified,1.3322,archive_unspecified,6.557,14.915,30.0,201.6,0.0,3939.9,NVIDIA RTX PRO 6000 Blackwell Workstation Edition,RTX PRO 6000,0.5589999999999999,0.565,True,1.19,19.0,37.9,0.11,0.295,0.405,0.298,0.6729999999999999,0.20600000000000002,0.88,0.158,1039431.0,15.6,0.025,0.36,0.419,0.23199999999999998,archive:bigrun_2026-07
prism_se3,replica,apartment_0,loop_2.0hz_s0,pano,89.0,3.452,14.609,archive_unspecified,1.4996,archive_unspecified,8.062,14.869,39.9,250.7,0.0,3939.9,NVIDIA RTX PRO 6000 Blackwell Workstation Edition,RTX PRO 6000,1.9509999999999998,1.058,True,0.742,25.8,4.7,0.377,0.682,1.0590000000000002,0.099,0.31,0.99,1.301,0.077,1813841.0,27.2,0.022000000000000002,0.84,0.7909999999999999,0.019,archive:bigrun_2026-07
prism_se3,replica,apartment_0,stopgo_2.0hz_s1,pano,99.0,3.806,14.636,archive_unspecified,1.2952,archive_unspecified,7.705,14.422,38.7,247.8,0.0,3939.9,NVIDIA RTX PRO 6000 Blackwell Workstation Edition,RTX PRO 6000,0.371,0.263,True,1.03,3.0,13.1,0.136,0.299,0.435,0.307,0.48200000000000004,1.168,1.65,0.129,1813467.0,27.2,0.026000000000000002,0.48200000000000004,0.379,0.068,archive:bigrun_2026-07
prism_se3,replica,apartment_0,synthetic_2.0hz_s1,pano,79.0,3.162,13.698,archive_unspecified,1.2869,archive_unspecified,8.516,19.375,36.4,222.5,0.0,3939.9,NVIDIA RTX PRO 6000 Blackwell Workstation Edition,RTX PRO 6000,0.33899999999999997,0.245,True,0.962,3.8,11.0,0.11699999999999999,0.28,0.397,0.383,0.41600000000000004,1.0659999999999998,1.4809999999999999,0.158,1857926.0,27.9,0.024,0.46299999999999997,0.336,0.085,archive:bigrun_2026-07
prism_se3,replica,apartment_0,stopgo_2.0hz_s0,pano,90.0,3.395,14.464,archive_unspecified,1.3381,archive_unspecified,8.156,18.935,39.0,248.4,0.0,3939.9,NVIDIA RTX PRO 6000 Blackwell Workstation Edition,RTX PRO 6000,0.657,0.34700000000000003,True,1.016,1.6,2.2,0.106,0.215,0.321,0.369,0.134,0.6990000000000001,0.8340000000000001,0.221,1670352.0,25.1,0.023,0.35,0.284,0.071,archive:bigrun_2026-07
prism_se3,replica,apartment_0,synthetic_0.5hz_s0,pano,18.0,1.142,5.171,archive_unspecified,2.584,archive_unspecified,6.073,19.692,16.6,107.3,0.0,3939.9,NVIDIA RTX PRO 6000 Blackwell Workstation Edition,RTX PRO 6000,0.665,0.45299999999999996,True,0.886,11.4,2.1,0.17,0.19699999999999998,0.36700000000000005,0.221,0.163,0.848,1.01,0.137,1385350.0,20.8,0.021,0.522,0.574,0.037000000000000005,archive:bigrun_2026-07
prism_se3,replica,apartment_0,synthetic_0.5hz_s1,pano,20.0,1.267,4.435,archive_unspecified,2.2176,archive_unspecified,5.045,17.545,17.5,103.8,0.0,3939.9,NVIDIA RTX PRO 6000 Blackwell Workstation Edition,RTX PRO 6000,0.022000000000000002,0.02,True,1.004,0.4,17.3,0.034,0.11900000000000001,0.153,0.791,0.049,1.4,1.449,0.34,1014048.0,15.2,0.028999999999999998,0.067,0.015,0.214,archive:bigrun_2026-07
prism_se3,replica,apartment_0,synthetic_2.0hz,pano,70.0,3.015,11.533,archive_unspecified,1.5185,archive_unspecified,20.052,84.932,31.8,202.3,0.0,3939.9,NVIDIA RTX PRO 6000 Blackwell Workstation Edition,RTX PRO 6000,0.28300000000000003,0.305,True,0.977,2.3,2.2,0.098,0.102,0.2,0.527,0.09300000000000001,0.7090000000000001,0.8009999999999999,0.346,1492273.0,22.4,0.024,0.375,0.237,0.1,archive:bigrun_2026-07
prism_se3,replica,apartment_0,synthetic_0.5hz,pano,18.0,1.11,5.228,archive_unspecified,2.612,archive_unspecified,6.024,19.692,15.4,106.1,0.0,3939.9,NVIDIA RTX PRO 6000 Blackwell Workstation Edition,RTX PRO 6000,0.665,0.45299999999999996,True,0.886,11.4,2.1,0.17,0.19699999999999998,0.36700000000000005,0.223,0.163,0.85,1.013,0.137,1387279.0,20.8,0.022000000000000002,0.523,0.575,0.038,archive:bigrun_2026-07
prism_se3,replica,apartment_0,synthetic_5.0hz,pano,173.0,4.594,25.058,archive_unspecified,1.2784,archive_unspecified,80.757,86.479,49.0,310.3,0.0,3939.9,NVIDIA RTX PRO 6000 Blackwell Workstation Edition,RTX PRO 6000,0.507,0.38,True,1.035,3.5,0.5,0.128,0.19,0.318,0.359,0.213,0.7190000000000001,0.932,0.21,1853219.0,27.8,0.025,0.43200000000000005,0.349,0.064,archive:bigrun_2026-07
prism_se3,replica,apartment_0,synthetic_5.0hz_s1,pano,196.0,4.934,27.342,archive_unspecified,1.3217,archive_unspecified,9.402,16.689,52.6,330.6,0.0,3939.9,NVIDIA RTX PRO 6000 Blackwell Workstation Edition,RTX PRO 6000,0.401,0.314,True,1.022,2.2,10.7,0.134,0.19899999999999998,0.33299999999999996,0.42,0.187,1.305,1.493,0.197,1630047.0,24.4,0.024,0.506,0.359,0.084,archive:bigrun_2026-07
prism_se3,replica,apartment_0,synthetic_2.0hz_s0,pano,70.0,3.161,10.776,archive_unspecified,1.4475,archive_unspecified,6.873,13.839,34.5,215.0,0.0,3939.9,NVIDIA RTX PRO 6000 Blackwell Workstation Edition,RTX PRO 6000,0.28300000000000003,0.305,True,0.977,2.3,2.4,0.098,0.10099999999999999,0.19899999999999998,0.528,0.09300000000000001,0.7120000000000001,0.805,0.345,1495496.0,22.4,0.023,0.376,0.237,0.1,archive:bigrun_2026-07
prism_se3,replica,apartment_0,synthetic_5.0hz_s0,pano,173.0,4.664,25.354,archive_unspecified,1.306,archive_unspecified,8.949,14.441,49.8,320.3,0.0,3939.9,NVIDIA RTX PRO 6000 Blackwell Workstation Edition,RTX PRO 6000,0.507,0.379,True,1.035,3.5,0.5,0.127,0.191,0.318,0.36,0.212,0.7170000000000001,0.929,0.211,1849707.0,27.8,0.025,0.431,0.348,0.066,archive:bigrun_2026-07
prism_se3,replica,apartment_0,loop_2.0hz_s1,pano,90.0,3.145,15.636,archive_unspecified,1.385,archive_unspecified,7.776,14.843,36.3,227.6,0.0,3939.9,NVIDIA RTX PRO 6000 Blackwell Workstation Edition,RTX PRO 6000,0.332,0.226,True,0.94,6.0,9.6,0.083,0.16399999999999998,0.247,0.443,0.368,1.2409999999999999,1.609,0.201,1952186.0,29.3,0.021,0.271,0.22,0.086,archive:bigrun_2026-07
